-1.611144542694091797e+00,-4.548462033271789551e-01,3.276387453079223633e+00,9.589065909385681152e-01,1.090704083442687988e+00,1.005798697471618652e+00,4.670981466770172119e-01,-7.675367593765258789e-01,3.068442344665527344e+00,1.125400304794311523e+00,-1.991774559020996094e+00,1.024931669235229492e+00,-6.068567037582397461e-01,1.498273372650146484e+00,-1.544798851013183594e+00,-1.015903472900390625e+00,-2.022073030471801758e+00,-1.200626611709594727e+00,2.436244964599609375e+00,9.452449083328247070e-01,1.316136680543422699e-02,-5.384807586669921875e-01,3.171483993530273438e+00,-7.150184512138366699e-01,-1.943889260292053223e+00,3.036126852035522461e+00,1.069117426872253418e+00,2.202382564544677734e+00,-1.387191534042358398e+00,-8.066328763961791992e-01,-1.610628724098205566e+00,1.611259698867797852e+00
-1.740524888038635254e+00,-1.295218110084533691e+00,2.997831106185913086e+00,1.382909774780273438e+00,1.510562062263488770e+00,1.168307185173034668e+00,7.666575312614440918e-01,1.096202805638313293e-02,2.669746637344360352e+00,3.246167004108428955e-01,-1.714908123016357422e+00,7.598936557769775391e-01,7.981860637664794922e-02,1.664222002029418945e+00,-1.610886096954345703e+00,-7.415414452552795410e-01,-2.135454177856445312e+00,-9.211782813072204590e-01,2.422454595565795898e+00,6.593527197837829590e-01,-3.974530696868896484e-01,-8.932460844516754150e-02,3.341965436935424805e+00,-9.218146800994873047e-01,-1.895918250083923340e+00,3.198587179183959961e+00,1.210590839385986328e+00,1.879836440086364746e+00,-1.469544172286987305e+00,-5.682326555252075195e-01,-1.654011130332946777e+00,1.342487096786499023e+00
-1.665145039558410645e+00,-7.066460847854614258e-01,3.213073730468750000e+00,9.463129043579101562e-01,1.095963597297668457e+00,1.027279138565063477e+00,4.603889882564544678e-01,-8.033803701400756836e-01,3.302294969558715820e+00,5.181308984756469727e-01,-1.896059751510620117e+00,1.085644006729125977e+00,-6.964379549026489258e-01,1.359371066093444824e+00,-1.553484320640563965e+00,-1.226161599159240723e+00,-2.250318765640258789e+00,-1.703191399574279785e+00,2.658392667770385742e+00,1.167407631874084473e+00,1.710578948259353638e-01,-6.805088520050048828e-01,3.108667850494384766e+00,-9.050930738449096680e-01,-1.798444867134094238e+00,3.202746629714965820e+00,1.310646176338195801e+00,2.463054895401000977e+00,-1.448023676872253418e+00,-1.681757569313049316e-01,-1.507835745811462402e+00,1.519429326057434082e+00
-1.710419535636901855e+00,-7.540527582168579102e-01,3.189571857452392578e+00,1.013028383255004883e+00,1.181218028068542480e+00,1.051792144775390625e+00,4.893490374088287354e-01,-6.793223023414611816e-01,3.177194118499755859e+00,5.762060880661010742e-01,-1.871193289756774902e+00,1.028687238693237305e+00,-5.201924443244934082e-01,1.395297408103942871e+00,-1.535899400711059570e+00,-1.153918623924255371e+00,-2.214376211166381836e+00,-1.546638846397399902e+00,2.646908760070800781e+00,1.090045452117919922e+00,5.669863522052764893e-02,-5.675724148750305176e-01,3.194144964218139648e+00,-8.454362154006958008e-01,-1.823448061943054199e+00,3.178803682327270508e+00,1.277499914169311523e+00,2.357298851013183594e+00,-1.441838979721069336e+00,-3.118082284927368164e-01,-1.556101679801940918e+00,1.536566138267517090e+00
-1.726666569709777832e+00,-7.504699230194091797e-01,3.210522651672363281e+00,1.051749110221862793e+00,1.215631008148193359e+00,1.064417362213134766e+00,5.139667391777038574e-01,-6.294407248497009277e-01,3.120144605636596680e+00,6.767036914825439453e-01,-1.881025671958923340e+00,1.002217650413513184e+00,-4.455437958240509033e-01,1.440669536590576172e+00,-1.541151404380798340e+00,-1.105964303016662598e+00,-2.179360151290893555e+00,-1.429673552513122559e+00,2.617770195007324219e+00,1.034780144691467285e+00,-2.786241471767425537e-03,-5.096026659011840820e-01,3.245323896408081055e+00,-8.071879148483276367e-01,-1.872067213058471680e+00,3.170699596405029297e+00,1.241489291191101074e+00,2.295820474624633789e+00,-1.440577387809753418e+00,-4.489633738994598389e-01,-1.594486474990844727e+00,1.558638930320739746e+00
-1.704705953598022461e+00,-2.135977983474731445e+00,2.555066585540771484e+00,1.840455174446105957e+00,1.561902642250061035e+00,1.522140622138977051e+00,1.311507940292358398e+00,5.762817263603210449e-01,2.051089286804199219e+00,-2.609866261482238770e-01,-1.236489176750183105e+00,9.627209603786468506e-02,7.730476856231689453e-01,1.777909636497497559e+00,-1.512929677963256836e+00,-3.369677066802978516e-01,-1.765657782554626465e+00,-4.434052109718322754e-01,1.897571921348571777e+00,2.932948172092437744e-01,-5.644140839576721191e-01,3.919807672500610352e-01,2.980986595153808594e+00,-1.327550411224365234e+00,-2.151366710662841797e+00,2.715108633041381836e+00,1.496656537055969238e+00,1.622802495956420898e+00,-1.357061862945556641e+00,-2.598385214805603027e-01,-1.680615663528442383e+00,9.324066042900085449e-01
-1.648800373077392578e+00,-1.552421927452087402e+00,2.754532098770141602e+00,1.641148090362548828e+00,1.598654627799987793e+00,1.251526117324829102e+00,9.930248260498046875e-01,4.556211233139038086e-01,2.103426694869995117e+00,4.086241424083709717e-01,-1.493018388748168945e+00,4.458923935890197754e-01,4.439237117767333984e-01,1.871078133583068848e+00,-1.533295392990112305e+00,-1.922377347946166992e-01,-1.712249875068664551e+00,-1.512551158666610718e-01,1.809988737106323242e+00,2.532795071601867676e-01,-5.924903750419616699e-01,2.498206645250320435e-01,3.030486583709716797e+00,-9.631777405738830566e-01,-2.006783485412597656e+00,2.780628681182861328e+00,1.015167713165283203e+00,1.414622187614440918e+00,-1.372181177139282227e+00,-7.667608261108398438e-01,-1.650558233261108398e+00,1.074890255928039551e+00
-1.843469023704528809e+00,-2.645402908325195312e+00,2.551146030426025391e+00,2.148080110549926758e+00,1.751665949821472168e+00,1.870328068733215332e+00,1.641615867614746094e+00,6.742767095565795898e-01,2.077803850173950195e+00,-7.092634439468383789e-01,-1.167949080467224121e+00,-1.623274385929107666e-01,1.114382028579711914e+00,1.840587735176086426e+00,-1.579488039016723633e+00,-5.274351835250854492e-01,-1.893566250801086426e+00,-5.898920893669128418e-01,2.015089035034179688e+00,4.005813300609588623e-01,-4.772189259529113770e-01,4.193940460681915283e-01,3.041538953781127930e+00,-1.694712996482849121e+00,-2.446125268936157227e+00,2.785613536834716797e+00,1.942108511924743652e+00,1.830608606338500977e+00,-1.427361249923706055e+00,-4.092407226562500000e-02,-1.859053373336791992e+00,9.011596441268920898e-01
-3.197422921657562256e-01,-4.968480467796325684e-01,1.253302395343780518e-01,3.554616570472717285e-01,-1.583516448736190796e-01,-1.541011184453964233e-01,6.110314130783081055e-01,-5.142030715942382812e-01,1.210755825042724609e+00,-1.984189033508300781e+00,-1.896778345108032227e-01,4.268584847450256348e-01,-7.743077278137207031e-01,-2.904536128044128418e-01,-4.651932716369628906e-01,-4.955585598945617676e-01,-6.254729032516479492e-01,-1.442155003547668457e+00,8.694680333137512207e-01,5.524892210960388184e-01,4.059860110282897949e-01,-2.786670625209808350e-02,1.734474003314971924e-01,-7.527167201042175293e-01,2.350325509905815125e-02,5.095100402832031250e-01,6.720238924026489258e-01,6.691341400146484375e-01,-2.708601653575897217e-01,1.776462316513061523e+00,3.999081552028656006e-01,1.890390180051326752e-03
-1.520351052284240723e+00,-4.962328970432281494e-01,3.148251771926879883e+00,9.981912374496459961e-01,1.201166152954101562e+00,9.653180837631225586e-01,4.933301210403442383e-01,-5.655509233474731445e-01,2.769126176834106445e+00,1.205313324928283691e+00,-2.050754785537719727e+00,1.010273337364196777e+00,-4.372490048408508301e-01,1.574965953826904297e+00,-1.533569335937500000e+00,-7.918220162391662598e-01,-1.921912193298339844e+00,-8.215709924697875977e-01,2.284734964370727539e+00,7.257407903671264648e-01,-1.219072043895721436e-01,-3.622909486293792725e-01,3.174327611923217773e+00,-6.921856999397277832e-01,-1.888362169265747070e+00,2.935967922210693359e+00,8.991407155990600586e-01,1.936300277709960938e+00,-1.377795100212097168e+00,-1.072495222091674805e+00,-1.617631196975708008e+00,1.542172551155090332e+00
-1.598869562149047852e+00,-5.406382083892822266e-01,3.238596916198730469e+00,1.026815533638000488e+00,1.180187463760375977e+00,1.018532276153564453e+00,5.226641893386840820e-01,-6.394625306129455566e-01,2.950826168060302734e+00,1.115032315254211426e+00,-2.011240482330322266e+00,9.968882799148559570e-01,-4.817596077919006348e-01,1.548823952674865723e+00,-1.566717386245727539e+00,-9.217194318771362305e-01,-2.004300117492675781e+00,-1.036637663841247559e+00,2.403430223464965820e+00,8.376093506813049316e-01,-7.495599985122680664e-02,-4.441588521003723145e-01,3.217972040176391602e+00,-7.266542315483093262e-01,-1.957515358924865723e+00,3.047073364257812500e+00,1.029886126518249512e+00,2.087915658950805664e+00,-1.401637792587280273e+00,-9.174948930740356445e-01,-1.636933803558349609e+00,1.576521873474121094e+00
-1.706501841545104980e+00,-1.672969818115234375e+00,2.838239192962646484e+00,1.640855073928833008e+00,1.580431938171386719e+00,1.305826902389526367e+00,1.034006595611572266e+00,3.853536248207092285e-01,2.319775581359863281e+00,1.840318441390991211e-01,-1.521672964096069336e+00,4.543600082397460938e-01,3.816014230251312256e-01,1.851337194442749023e+00,-1.628780126571655273e+00,-3.991222679615020752e-01,-1.907024621963500977e+00,-4.757665395736694336e-01,2.052537202835083008e+00,3.729421198368072510e-01,-6.002758741378784180e-01,1.712234765291213989e-01,3.204562425613403320e+00,-1.061913371086120605e+00,-2.026140689849853516e+00,3.021924257278442383e+00,1.190388202667236328e+00,1.605127334594726562e+00,-1.424833178520202637e+00,-6.028019189834594727e-01,-1.675657749176025391e+00,1.119318723678588867e+00
-1.791664958000183105e+00,-1.628221035003662109e+00,3.039754390716552734e+00,1.597079038619995117e+00,1.601231694221496582e+00,1.349214911460876465e+00,9.733698368072509766e-01,2.099390029907226562e-01,2.658393144607543945e+00,1.568256616592407227e-01,-1.685271739959716797e+00,5.967671275138854980e-01,2.278052270412445068e-01,1.859451055526733398e+00,-1.726121068000793457e+00,-6.589435935020446777e-01,-2.168692588806152344e+00,-8.501765131950378418e-01,2.401363372802734375e+00,5.555546283721923828e-01,-5.172628164291381836e-01,2.107876352965831757e-02,3.448947668075561523e+00,-1.121160745620727539e+00,-2.066768407821655273e+00,3.322278022766113281e+00,1.320561647415161133e+00,1.842753171920776367e+00,-1.548829078674316406e+00,-5.570648908615112305e-01,-1.769510746002197266e+00,1.291622400283813477e+00
-1.791295289993286133e+00,-1.481041908264160156e+00,2.982659578323364258e+00,1.478849768638610840e+00,1.559591293334960938e+00,1.261314988136291504e+00,8.424888253211975098e-01,1.068011969327926636e-01,2.666973590850830078e+00,1.590725779533386230e-01,-1.658295869827270508e+00,6.685429215431213379e-01,1.558884829282760620e-01,1.723330020904541016e+00,-1.640923619270324707e+00,-7.303901314735412598e-01,-2.172221660614013672e+00,-9.462301731109619141e-01,2.435651540756225586e+00,6.392344832420349121e-01,-4.536993503570556641e-01,-5.560505390167236328e-02,3.376444101333618164e+00,-1.024940609931945801e+00,-1.941307425498962402e+00,3.248331785202026367e+00,1.308851003646850586e+00,1.878121733665466309e+00,-1.498576521873474121e+00,-4.699220955371856689e-01,-1.696611285209655762e+00,1.318679571151733398e+00
-1.690116405487060547e+00,-9.325795173645019531e-01,3.068184852600097656e+00,1.040297985076904297e+00,1.269971966743469238e+00,1.059792041778564453e+00,5.085582137107849121e-01,-5.934224724769592285e-01,3.155813694000244141e+00,2.703740298748016357e-01,-1.854104757308959961e+00,1.004274845123291016e+00,-4.641318321228027344e-01,1.329889893531799316e+00,-1.559175252914428711e+00,-1.203548908233642578e+00,-2.321816682815551758e+00,-1.620919585227966309e+00,2.693433046340942383e+00,1.103233337402343750e+00,6.360027194023132324e-02,-5.785490870475769043e-01,3.172624349594116211e+00,-9.688652753829956055e-01,-1.755071520805358887e+00,3.227993488311767578e+00,1.405470132827758789e+00,2.361914396286010742e+00,-1.474737524986267090e+00,-1.139179170131683350e-01,-1.527773141860961914e+00,1.453086614608764648e+00
-1.517364382743835449e+00,-1.120945334434509277e+00,2.816772699356079102e+00,9.808914065361022949e-01,1.306565761566162109e+00,1.005757331848144531e+00,5.016501545906066895e-01,-5.722583532333374023e-01,3.187103748321533203e+00,-2.755343914031982422e-01,-1.862872242927551270e+00,1.008438944816589355e+00,-6.327446699142456055e-01,1.189142346382141113e+00,-1.654798269271850586e+00,-1.326184153556823730e+00,-2.515657663345336914e+00,-1.805101871490478516e+00,2.666533231735229492e+00,1.145466446876525879e+00,1.726256161928176880e-01,-7.025588750839233398e-01,2.980526208877563477e+00,-1.274682879447937012e+00,-1.617898941040039062e+00,3.295308589935302734e+00,1.630498170852661133e+00,2.409494638442993164e+00,-1.524980902671813965e+00,2.896262407302856445e-01,-1.437812328338623047e+00,1.268440485000610352e+00
-1.752068638801574707e+00,-2.942368268966674805e+00,1.970786213874816895e+00,2.275900840759277344e+00,1.696833968162536621e+00,2.027345418930053711e+00,1.831456422805786133e+00,9.921526312828063965e-01,1.461185812950134277e+00,-8.991594314575195312e-01,-6.254997849464416504e-01,-6.393362879753112793e-01,1.568859338760375977e+00,1.755789041519165039e+00,-1.203863620758056641e+00,-1.678803116083145142e-01,-1.353826880455017090e+00,-9.127756953239440918e-02,1.548186540603637695e+00,1.517803966999053955e-01,-5.180690288543701172e-01,7.923475503921508789e-01,2.495793342590332031e+00,-1.771805524826049805e+00,-2.448117971420288086e+00,2.072369575500488281e+00,1.940923333168029785e+00,1.547480463981628418e+00,-1.245854258537292480e+00,1.159104853868484497e-01,-1.664295554161071777e+00,5.938290953636169434e-01
-1.714826464653015137e+00,-1.426098465919494629e+00,2.768852233886718750e+00,1.231492042541503906e+00,1.525853872299194336e+00,1.172945618629455566e+00,6.134856343269348145e-01,-2.232898771762847900e-01,2.933934926986694336e+00,-3.319083750247955322e-01,-1.721832156181335449e+00,7.673028707504272461e-01,-1.275830268859863281e-01,1.323377728462219238e+00,-1.616786718368530273e+00,-1.208503365516662598e+00,-2.497151851654052734e+00,-1.533423662185668945e+00,2.664879322052001953e+00,1.000044703483581543e+00,-1.081892848014831543e-01,-4.381882548332214355e-01,3.179146051406860352e+00,-1.229997158050537109e+00,-1.730628013610839844e+00,3.284436464309692383e+00,1.730893135070800781e+00,2.225656986236572266e+00,-1.529911875724792480e+00,1.255016326904296875e-01,-1.586703777313232422e+00,1.314211010932922363e+00
-1.676687359809875488e+00,-1.212283372879028320e+00,2.890903234481811523e+00,1.116070628166198730e+00,1.429037451744079590e+00,1.108415842056274414e+00,5.542265176773071289e-01,-4.265758991241455078e-01,3.084698915481567383e+00,-1.270195245742797852e-01,-1.831429481506347656e+00,9.170280694961547852e-01,-3.335095942020416260e-01,1.287447214126586914e+00,-1.616083264350891113e+00,-1.266101479530334473e+00,-2.479127883911132812e+00,-1.636683940887451172e+00,2.718432188034057617e+00,1.083690166473388672e+00,2.459282055497169495e-02,-5.612402558326721191e-01,3.175506114959716797e+00,-1.159488677978515625e+00,-1.728017210960388184e+00,3.307564020156860352e+00,1.622772336006164551e+00,2.331436872482299805e+00,-1.529415726661682129e+00,7.691141217947006226e-02,-1.552067160606384277e+00,1.365100979804992676e+00
-1.747791767120361328e+00,-1.594353556632995605e+00,2.947185993194580078e+00,1.589673042297363281e+00,1.586343050003051758e+00,1.291582584381103516e+00,9.650449156761169434e-01,2.720457911491394043e-01,2.496069908142089844e+00,1.951979398727416992e-01,-1.624069571495056152e+00,5.668697357177734375e-01,2.609419822692871094e-01,1.843285083770751953e+00,-1.670308113098144531e+00,-5.326848626136779785e-01,-2.043370246887207031e+00,-6.681978106498718262e-01,2.231528997421264648e+00,4.697709679603576660e-01,-5.572114586830139160e-01,7.134030014276504517e-02,3.330192327499389648e+00,-1.052240610122680664e+00,-2.020846128463745117e+00,3.179832696914672852e+00,1.212622642517089844e+00,1.723358750343322754e+00,-1.476511120796203613e+00,-5.985198020935058594e-01,-1.701376914978027344e+00,1.209564447402954102e+00
-1.776143312454223633e+00,-1.297269940376281738e+00,3.041424751281738281e+00,1.374960184097290039e+00,1.525496602058410645e+00,1.193558812141418457e+00,7.583339214324951172e-01,-3.352520242333412170e-02,2.754591941833496094e+00,3.124346435070037842e-01,-1.748405098915100098e+00,7.919844388961791992e-01,5.561150610446929932e-02,1.661465644836425781e+00,-1.610288262367248535e+00,-8.129539489746093750e-01,-2.189148664474487305e+00,-1.019470930099487305e+00,2.510556936264038086e+00,7.208172678947448730e-01,-3.611274957656860352e-01,-1.246200203895568848e-01,3.396054267883300781e+00,-9.358448982238769531e-01,-1.912454485893249512e+00,3.254443883895874023e+00,1.253215074539184570e+00,1.954910755157470703e+00,-1.499992609024047852e+00,-5.337615013122558594e-01,-1.683485507965087891e+00,1.389059424400329590e+00
-1.811658859252929688e+00,-1.181204319000244141e+00,3.036759614944458008e+00,1.230316638946533203e+00,1.464994072914123535e+00,1.173834204673767090e+00,6.073972582817077637e-01,-3.172809481620788574e-01,2.994975090026855469e+00,1.780971586704254150e-01,-1.791308522224426270e+00,8.875028491020202637e-01,-1.245200783014297485e-01,1.447346806526184082e+00,-1.566663622856140137e+00,-1.101735591888427734e+00,-2.339016199111938477e+00,-1.433529973030090332e+00,2.730719566345214844e+00,9.801718592643737793e-01,-1.366511434316635132e-01,-3.755685091018676758e-01,3.351493358612060547e+00,-9.803224802017211914e-01,-1.820497751235961914e+00,3.288281917572021484e+00,1.444829463958740234e+00,2.224805355072021484e+00,-1.511914134025573730e+00,-2.227115035057067871e-01,-1.642057418823242188e+00,1.471043467521667480e+00
-1.820652008056640625e+00,-1.527813911437988281e+00,2.860457897186279297e+00,1.417668342590332031e+00,1.549211859703063965e+00,1.260081410408020020e+00,7.524499297142028809e-01,1.595439016819000244e-02,2.747122287750244141e+00,-1.166475042700767517e-01,-1.600274920463562012e+00,6.497145891189575195e-01,1.328964978456497192e-01,1.555624842643737793e+00,-1.580071210861206055e+00,-9.295659065246582031e-01,-2.297388315200805664e+00,-1.218980193138122559e+00,2.543796539306640625e+00,7.927047610282897949e-01,-3.446310162544250488e-01,-1.650287061929702759e-01,3.286622762680053711e+00,-1.101242780685424805e+00,-1.828660964965820312e+00,3.224914073944091797e+00,1.526614904403686523e+00,2.013935327529907227e+00,-1.492835521697998047e+00,-1.420791447162628174e-01,-1.659043669700622559e+00,1.331468105316162109e+00
-1.850404262542724609e+00,-1.886754512786865234e+00,2.772319078445434570e+00,1.616305351257324219e+00,1.637581229209899902e+00,1.429520130157470703e+00,9.514811635017395020e-01,1.786061078310012817e-01,2.652586698532104492e+00,-4.261501431465148926e-01,-1.505497336387634277e+00,4.312928318977355957e-01,3.419448733329772949e-01,1.618633627891540527e+00,-1.621966958045959473e+00,-8.945657014846801758e-01,-2.299850463867187500e+00,-1.153943061828613281e+00,2.459689855575561523e+00,7.162606120109558105e-01,-3.865293264389038086e-01,-7.991449534893035889e-02,3.243191242218017578e+00,-1.329128265380859375e+00,-1.962931036949157715e+00,3.204737901687622070e+00,1.738254308700561523e+00,2.002781867980957031e+00,-1.507961034774780273e+00,1.222762465476989746e-02,-1.726656317710876465e+00,1.225331425666809082e+00
-1.676494836807250977e+00,-8.786681294441223145e-01,2.979375123977661133e+00,1.059553980827331543e+00,1.296154499053955078e+00,9.978393316268920898e-01,5.050474405288696289e-01,-4.468212127685546875e-01,2.897331476211547852e+00,3.907406628131866455e-01,-1.780152201652526855e+00,9.676386713981628418e-01,-2.912825942039489746e-01,1.344499111175537109e+00,-1.487367749214172363e+00,-1.016051769256591797e+00,-2.164742946624755859e+00,-1.339296698570251465e+00,2.557741880416870117e+00,9.636949896812438965e-01,-8.020637184381484985e-02,-4.163763225078582764e-01,3.154670476913452148e+00,-8.162296414375305176e-01,-1.687745213508605957e+00,3.075898647308349609e+00,1.234451770782470703e+00,2.161696672439575195e+00,-1.388646602630615234e+00,-3.127312958240509033e-01,-1.489344596862792969e+00,1.411501646041870117e+00
-1.115113973617553711e+00,-4.573026895523071289e-01,1.999560356140136719e+00,9.263222217559814453e-01,1.347983360290527344e+00,5.528578162193298340e-01,1.342030763626098633e-01,1.118566989898681641e-01,1.386544108390808105e+00,1.970640420913696289e+00,-1.563181519508361816e+00,7.431621551513671875e-01,1.647350788116455078e-01,1.592304825782775879e+00,-8.298172354698181152e-01,3.190217018127441406e-01,-8.931451439857482910e-01,7.690550088882446289e-01,9.353622198104858398e-01,-3.852378427982330322e-01,-2.888638377189636230e-01,2.142109125852584839e-01,2.008329629898071289e+00,-5.312073230743408203e-01,-1.480189681053161621e+00,1.630683302879333496e+00,1.096945852041244507e-01,5.025923848152160645e-01,-1.296620011329650879e+00,-1.598516225814819336e+00,-1.466619849205017090e+00,1.144675254821777344e+00
-1.506952047348022461e+00,-1.135779142379760742e+00,2.297773838043212891e+00,1.560624599456787109e+00,1.781828999519348145e+00,8.989059925079345703e-01,6.773248910903930664e-01,5.923833847045898438e-01,1.449060320854187012e+00,1.585584044456481934e+00,-1.443626523017883301e+00,4.651641547679901123e-01,6.047099232673645020e-01,1.901799678802490234e+00,-9.156970381736755371e-01,4.664369225502014160e-01,-9.302893877029418945e-01,9.695310592651367188e-01,1.032413244247436523e+00,-3.125973045825958252e-01,-4.610882997512817383e-01,3.789213895797729492e-01,2.221448659896850586e+00,-7.654250860214233398e-01,-1.906973958015441895e+00,1.831884741783142090e+00,4.150745570659637451e-01,5.170782208442687988e-01,-1.316310048103332520e+00,-1.360734820365905762e+00,-1.761070847511291504e+00,1.087937474250793457e+00
-1.720120787620544434e+00,-1.045951962471008301e+00,3.004746675491333008e+00,1.106122016906738281e+00,1.362089514732360840e+00,1.083555221557617188e+00,5.368712544441223145e-01,-4.693854451179504395e-01,3.058722019195556641e+00,1.647520661354064941e-01,-1.820966601371765137e+00,9.600276350975036621e-01,-3.161802291870117188e-01,1.335483312606811523e+00,-1.552091121673583984e+00,-1.164724826812744141e+00,-2.337417125701904297e+00,-1.544374823570251465e+00,2.703471422195434570e+00,1.051328897476196289e+00,-1.308021694421768188e-02,-5.040261745452880859e-01,3.214126825332641602e+00,-9.842972755432128906e-01,-1.737671375274658203e+00,3.235787153244018555e+00,1.434706568717956543e+00,2.292544841766357422e+00,-1.477081656455993652e+00,-1.172209084033966064e-01,-1.544158220291137695e+00,1.426151394844055176e+00
-1.782573699951171875e+00,-9.308784008026123047e-01,3.186769008636474609e+00,1.118087053298950195e+00,1.311043381690979004e+00,1.132334828376770020e+00,5.508390665054321289e-01,-5.696772336959838867e-01,3.165462017059326172e+00,4.547466337680816650e-01,-1.874454379081726074e+00,9.851158857345581055e-01,-3.640085160732269287e-01,1.429985761642456055e+00,-1.570001482963562012e+00,-1.172842741012573242e+00,-2.290182352066040039e+00,-1.537106394767761230e+00,2.734405279159545898e+00,1.073370218276977539e+00,1.086849719285964966e-03,-5.167050957679748535e-01,3.317043304443359375e+00,-9.104726314544677734e-01,-1.874454617500305176e+00,3.276991605758666992e+00,1.368345379829406738e+00,2.347213745117187500e+00,-1.499358296394348145e+00,-2.965436577796936035e-01,-1.623385071754455566e+00,1.548546314239501953e+00
-1.819098949432373047e+00,-2.441160678863525391e+00,2.524866580963134766e+00,1.908466339111328125e+00,1.766539216041564941e+00,1.683287382125854492e+00,1.289692759513854980e+00,3.873836398124694824e-01,2.386557102203369141e+00,-9.709063768386840820e-01,-1.349508166313171387e+00,8.722826093435287476e-02,7.476702928543090820e-01,1.546668291091918945e+00,-1.593297123908996582e+00,-8.943469524383544922e-01,-2.226731777191162109e+00,-1.021438121795654297e+00,2.243049860000610352e+00,6.605093479156494141e-01,-3.138017654418945312e-01,5.907989665865898132e-02,3.000720262527465820e+00,-1.671877264976501465e+00,-2.175228595733642578e+00,2.999777793884277344e+00,2.115498065948486328e+00,2.034124135971069336e+00,-1.464693307876586914e+00,2.908434867858886719e-01,-1.781382799148559570e+00,9.780680537223815918e-01
-1.659557819366455078e+00,-1.138208985328674316e+00,2.779359817504882812e+00,1.204218149185180664e+00,1.401981234550476074e+00,1.010233163833618164e+00,6.011646389961242676e-01,-1.026878058910369873e-01,2.559154272079467773e+00,2.199921011924743652e-01,-1.599200963973999023e+00,7.923643589019775391e-01,-3.943735733628273010e-03,1.413137555122375488e+00,-1.452580332756042480e+00,-7.894625067710876465e-01,-2.061577320098876953e+00,-1.014904975891113281e+00,2.335941791534423828e+00,7.460013628005981445e-01,-3.123632073402404785e-01,-1.675979942083358765e-01,3.087259769439697266e+00,-8.115826249122619629e-01,-1.647867441177368164e+00,2.957433223724365234e+00,1.194974064826965332e+00,1.862047672271728516e+00,-1.344392418861389160e+00,-3.504042923450469971e-01,-1.473873496055603027e+00,1.264396071434020996e+00
-1.885926365852355957e+00,-1.943132996559143066e+00,2.814689159393310547e+00,1.647209167480468750e+00,1.678648710250854492e+00,1.469426631927490234e+00,9.729764461517333984e-01,1.684045642614364624e-01,2.721170425415039062e+00,-4.791659116744995117e-01,-1.553721904754638672e+00,4.267379343509674072e-01,3.511454463005065918e-01,1.636039376258850098e+00,-1.663471817970275879e+00,-9.689859747886657715e-01,-2.385452985763549805e+00,-1.221040368080139160e+00,2.523599147796630859e+00,7.634598612785339355e-01,-3.556514978408813477e-01,-1.156815961003303528e-01,3.301879167556762695e+00,-1.391060233116149902e+00,-2.018594503402709961e+00,3.285947084426879883e+00,1.821922183036804199e+00,2.070608854293823242e+00,-1.547382354736328125e+00,5.126896500587463379e-02,-1.778203487396240234e+00,1.259290933609008789e+00
-1.684287428855895996e+00,-1.236593008041381836e+00,2.863964796066284180e+00,1.137646913528442383e+00,1.444233536720275879e+00,1.111860394477844238e+00,5.599927306175231934e-01,-3.791847229003906250e-01,3.036360979080200195e+00,-1.428064405918121338e-01,-1.798722863197326660e+00,8.903368711471557617e-01,-2.836948633193969727e-01,1.291978478431701660e+00,-1.605013012886047363e+00,-1.235055685043334961e+00,-2.459838867187500000e+00,-1.597194552421569824e+00,2.697744369506835938e+00,1.058416724205017090e+00,-1.645020022988319397e-02,-5.237877368927001953e-01,3.173324584960937500e+00,-1.147326231002807617e+00,-1.717841386795043945e+00,3.285772085189819336e+00,1.620646834373474121e+00,2.291601896286010742e+00,-1.518302202224731445e+00,6.591773778200149536e-02,-1.551439642906188965e+00,1.355265498161315918e+00
-1.744728922843933105e+00,-7.834602594375610352e-01,3.224060297012329102e+00,1.074267625808715820e+00,1.237234592437744141e+00,1.083751201629638672e+00,5.282770991325378418e-01,-6.164841055870056152e-01,3.130946159362792969e+00,6.659182310104370117e-01,-1.889293909072875977e+00,9.973637461662292480e-01,-4.215752780437469482e-01,1.456384181976318359e+00,-1.553030967712402344e+00,-1.114808201789855957e+00,-2.197500467300415039e+00,-1.432956218719482422e+00,2.637891054153442383e+00,1.035685181617736816e+00,-7.397256791591644287e-03,-5.010269880294799805e-01,3.277011156082153320e+00,-8.232128620147705078e-01,-1.890742778778076172e+00,3.199685811996459961e+00,1.257136583328247070e+00,2.301937580108642578e+00,-1.457743287086486816e+00,-4.519099295139312744e-01,-1.613797307014465332e+00,1.568993806838989258e+00
-1.573251843452453613e+00,-1.418133735656738281e+00,2.603224992752075195e+00,1.135200500488281250e+00,1.476050972938537598e+00,1.092196345329284668e+00,5.829362869262695312e-01,-2.757124304771423340e-01,2.924580812454223633e+00,-5.608710050582885742e-01,-1.711511731147766113e+00,8.006384968757629395e-01,-2.920443713665008545e-01,1.186883926391601562e+00,-1.620519638061523438e+00,-1.242236256599426270e+00,-2.519478559494018555e+00,-1.617905497550964355e+00,2.599567174911499023e+00,1.022496938705444336e+00,-2.909685671329498291e-02,-5.127830505371093750e-01,3.002624988555908203e+00,-1.335181236267089844e+00,-1.605369329452514648e+00,3.222841501235961914e+00,1.782231569290161133e+00,2.231130599975585938e+00,-1.515893578529357910e+00,3.328235447406768799e-01,-1.484979987144470215e+00,1.190704703330993652e+00
-1.803189039230346680e+00,-3.029356479644775391e+00,1.998111009597778320e+00,2.340951442718505859e+00,1.746001124382019043e+00,2.112050771713256836e+00,1.884786128997802734e+00,1.051439285278320312e+00,1.460618615150451660e+00,-8.960748910903930664e-01,-5.961161255836486816e-01,-6.986435055732727051e-01,1.663127064704895020e+00,1.817096829414367676e+00,-1.197895050048828125e+00,-1.377494931221008301e-01,-1.337335586547851562e+00,-6.785023212432861328e-02,1.560519814491271973e+00,1.327456086874008179e-01,-5.227172970771789551e-01,8.065077662467956543e-01,2.538127660751342773e+00,-1.829795837402343750e+00,-2.526451110839843750e+00,2.060395240783691406e+00,1.971752643585205078e+00,1.548438191413879395e+00,-1.276569008827209473e+00,1.165342628955841064e-01,-1.719656348228454590e+00,6.186772584915161133e-01
-3.649249672889709473e-01,-1.242996096611022949e+00,-4.536751210689544678e-01,8.243592977523803711e-01,1.373645663261413574e-02,1.369614303112030029e-01,8.659788966178894043e-01,6.382346898317337036e-02,4.246082603931427002e-01,-2.632038593292236328e+00,2.908854186534881592e-01,-1.324931830167770386e-01,3.310470283031463623e-01,-3.455100953578948975e-01,-2.439721971750259399e-01,-3.455606102943420410e-01,-3.966940343379974365e-01,-8.865907788276672363e-01,3.724403679370880127e-01,3.951654732227325439e-01,3.028708100318908691e-01,3.477287888526916504e-01,-3.617006838321685791e-01,-8.244292140007019043e-01,-1.632463559508323669e-02,5.767836794257164001e-02,9.257320165634155273e-01,3.724091053009033203e-01,-8.018387854099273682e-02,1.920409679412841797e+00,5.081006884574890137e-01,-4.183832108974456787e-01
-1.653362274169921875e+00,-9.523987770080566406e-01,2.960230112075805664e+00,1.043570995330810547e+00,1.287443041801452637e+00,1.015297889709472656e+00,4.954026043415069580e-01,-5.170998573303222656e-01,3.033028125762939453e+00,1.955831050872802734e-01,-1.795253872871398926e+00,9.759688377380371094e-01,-4.004541039466857910e-01,1.282864212989807129e+00,-1.536257147789001465e+00,-1.143175482749938965e+00,-2.281612873077392578e+00,-1.538642883300781250e+00,2.621895313262939453e+00,1.056489706039428711e+00,1.013517752289772034e-02,-5.292106270790100098e-01,3.107554674148559570e+00,-9.487321972846984863e-01,-1.680225014686584473e+00,3.154402494430541992e+00,1.388074278831481934e+00,2.271576642990112305e+00,-1.434531569480895996e+00,-9.679251909255981445e-02,-1.477885842323303223e+00,1.387521982192993164e+00
-1.646859169006347656e+00,-1.254381656646728516e+00,2.959677457809448242e+00,1.423664450645446777e+00,1.522694110870361328e+00,1.121271014213562012e+00,8.158105015754699707e-01,1.238216608762741089e-01,2.461216926574707031e+00,5.295630693435668945e-01,-1.734620213508605957e+00,7.214023470878601074e-01,1.201595589518547058e-01,1.760599970817565918e+00,-1.615457415580749512e+00,-4.967901110649108887e-01,-1.957257986068725586e+00,-5.407126545906066895e-01,2.164436340332031250e+00,4.573256969451904297e-01,-4.847956299781799316e-01,2.352453395724296570e-02,3.247781515121459961e+00,-8.680593371391296387e-01,-1.929762721061706543e+00,3.068033933639526367e+00,1.009012699127197266e+00,1.657902240753173828e+00,-1.422401070594787598e+00,-8.250931501388549805e-01,-1.635045409202575684e+00,1.250203728675842285e+00
-1.772633671760559082e+00,-1.427560567855834961e+00,3.055942535400390625e+00,1.477288722991943359e+00,1.556311249732971191e+00,1.259529113769531250e+00,8.536080121994018555e-01,7.676222175359725952e-02,2.704393148422241211e+00,2.815249860286712646e-01,-1.725288987159729004e+00,7.087577581405639648e-01,1.309423297643661499e-01,1.761352658271789551e+00,-1.680452466011047363e+00,-7.204546332359313965e-01,-2.168804883956909180e+00,-9.111524820327758789e-01,2.455764293670654297e+00,6.269103884696960449e-01,-4.431495666503906250e-01,-5.314002186059951782e-02,3.431083440780639648e+00,-1.014965772628784180e+00,-1.991240501403808594e+00,3.290123224258422852e+00,1.261858344078063965e+00,1.881123661994934082e+00,-1.522360920906066895e+00,-5.880074501037597656e-01,-1.720614433288574219e+00,1.348060369491577148e+00
-1.739449024200439453e+00,-1.110024094581604004e+00,3.000368595123291016e+00,1.137253046035766602e+00,1.400683879852294922e+00,1.115285515785217285e+00,5.555573105812072754e-01,-4.392426013946533203e-01,3.064370632171630859e+00,1.134866476058959961e-01,-1.823918938636779785e+00,9.386454224586486816e-01,-2.764719426631927490e-01,1.347705841064453125e+00,-1.572405338287353516e+00,-1.186091184616088867e+00,-2.376842975616455078e+00,-1.552366375923156738e+00,2.729155540466308594e+00,1.054043531417846680e+00,-2.253882586956024170e-02,-4.989443421363830566e-01,3.247268676757812500e+00,-1.022287487983703613e+00,-1.762578487396240234e+00,3.275524854660034180e+00,1.485608577728271484e+00,2.299815654754638672e+00,-1.501840710639953613e+00,-9.845346212387084961e-02,-1.572940707206726074e+00,1.432488083839416504e+00
-1.852916598320007324e+00,-1.359325170516967773e+00,3.026951789855957031e+00,1.313643097877502441e+00,1.531436324119567871e+00,1.260865211486816406e+00,6.667319536209106445e-01,-2.337608933448791504e-01,3.008904218673706055e+00,3.694131970405578613e-02,-1.773980855941772461e+00,8.078905344009399414e-01,-3.482984751462936401e-02,1.503319382667541504e+00,-1.615791678428649902e+00,-1.129915475845336914e+00,-2.420539379119873047e+00,-1.465431332588195801e+00,2.773494243621826172e+00,9.743494987487792969e-01,-1.746987104415893555e-01,-3.432567715644836426e-01,3.412389039993286133e+00,-1.090312838554382324e+00,-1.878244876861572266e+00,3.363285303115844727e+00,1.570026278495788574e+00,2.233729839324951172e+00,-1.567761659622192383e+00,-1.576685607433319092e-01,-1.705808520317077637e+00,1.477796792984008789e+00
-1.561244845390319824e+00,-1.322014570236206055e+00,2.691476583480834961e+00,1.419797539710998535e+00,1.458890080451965332e+00,1.068721532821655273e+00,8.167812824249267578e-01,2.580516338348388672e-01,2.193983078002929688e+00,3.816805779933929443e-01,-1.538786411285400391e+00,5.744582414627075195e-01,2.019656002521514893e-01,1.682894110679626465e+00,-1.507504343986511230e+00,-3.359149694442749023e-01,-1.779448390007019043e+00,-3.634061813354492188e-01,1.897010564804077148e+00,3.487127721309661865e-01,-5.547652840614318848e-01,1.281224638223648071e-01,2.976141929626464844e+00,-8.343009352684020996e-01,-1.793145418167114258e+00,2.801717996597290039e+00,9.636096954345703125e-01,1.465839624404907227e+00,-1.305512666702270508e+00,-7.015242576599121094e-01,-1.513619065284729004e+00,1.069256424903869629e+00
-1.767982006072998047e+00,-1.081184744834899902e+00,3.035614967346191406e+00,1.159336209297180176e+00,1.402858614921569824e+00,1.122670531272888184e+00,5.632705092430114746e-01,-4.174427390098571777e-01,3.030850887298583984e+00,2.155835628509521484e-01,-1.814169883728027344e+00,9.351180791854858398e-01,-2.283495813608169556e-01,1.385264039039611816e+00,-1.554584264755249023e+00,-1.134069800376892090e+00,-2.324896097183227539e+00,-1.483790755271911621e+00,2.717515945434570312e+00,1.021082639694213867e+00,-6.536626815795898438e-02,-4.483972191810607910e-01,3.285526990890502930e+00,-9.609036445617675781e-01,-1.783503890037536621e+00,3.254065990447998047e+00,1.422649979591369629e+00,2.263217687606811523e+00,-1.488860130310058594e+00,-1.943195462226867676e-01,-1.589892268180847168e+00,1.458521962165832520e+00
-1.725440502166748047e+00,-1.657498359680175781e+00,2.920944929122924805e+00,1.650311112403869629e+00,1.601046085357666016e+00,1.324646711349487305e+00,1.031768441200256348e+00,3.717584013938903809e-01,2.390743732452392578e+00,2.370084822177886963e-01,-1.585193157196044922e+00,5.017784237861633301e-01,3.516544401645660400e-01,1.906827092170715332e+00,-1.675444960594177246e+00,-4.277831614017486572e-01,-1.965387105941772461e+00,-5.038323402404785156e-01,2.113650083541870117e+00,3.927919864654541016e-01,-5.943874716758728027e-01,1.576776951551437378e-01,3.292022228240966797e+00,-1.074816346168518066e+00,-2.074006557464599609e+00,3.114542484283447266e+00,1.188562035560607910e+00,1.638602614402770996e+00,-1.473374605178833008e+00,-6.686481237411499023e-01,-1.719534516334533691e+00,1.170287847518920898e+00
-1.820992231369018555e+00,-1.250261545181274414e+00,3.028613090515136719e+00,1.305147290229797363e+00,1.505924820899963379e+00,1.190627336502075195e+00,6.678535342216491699e-01,-1.745727956295013428e-01,2.874230623245239258e+00,2.151841521263122559e-01,-1.749178886413574219e+00,8.357160091400146484e-01,-9.564397856593132019e-03,1.540895342826843262e+00,-1.566951155662536621e+00,-9.731371402740478516e-01,-2.276439905166625977e+00,-1.257959723472595215e+00,2.648535251617431641e+00,8.665535449981689453e-01,-2.481435388326644897e-01,-2.481957226991653442e-01,3.380774259567260742e+00,-9.522561430931091309e-01,-1.848924160003662109e+00,3.264671564102172852e+00,1.370974659919738770e+00,2.103360891342163086e+00,-1.503698945045471191e+00,-3.421787023544311523e-01,-1.663910865783691406e+00,1.442481756210327148e+00
-1.611144542694091797e+00,-4.548462033271789551e-01,3.276387453079223633e+00,9.589065909385681152e-01,1.090704083442687988e+00,1.005798697471618652e+00,4.670981466770172119e-01,-7.675367593765258789e-01,3.068442344665527344e+00,1.125400304794311523e+00,-1.991774559020996094e+00,1.024931669235229492e+00,-6.068567037582397461e-01,1.498273372650146484e+00,-1.544798851013183594e+00,-1.015903472900390625e+00,-2.022073030471801758e+00,-1.200626611709594727e+00,2.436244964599609375e+00,9.452449083328247070e-01,1.316136680543422699e-02,-5.384807586669921875e-01,3.171483993530273438e+00,-7.150184512138366699e-01,-1.943889260292053223e+00,3.036126852035522461e+00,1.069117426872253418e+00,2.202382564544677734e+00,-1.387191534042358398e+00,-8.066328763961791992e-01,-1.610628724098205566e+00,1.611259698867797852e+00
-1.722460150718688965e+00,-1.392358064651489258e+00,3.088080167770385742e+00,1.494501829147338867e+00,1.562582373619079590e+00,1.239131808280944824e+00,8.917396068572998047e-01,1.108236610889434814e-01,2.653569459915161133e+00,4.271560609340667725e-01,-1.787006974220275879e+00,7.243721485137939453e-01,1.272902786731719971e-01,1.828722834587097168e+00,-1.713011145591735840e+00,-6.275642514228820801e-01,-2.110766887664794922e+00,-7.444865703582763672e-01,2.370450496673583984e+00,5.362722873687744141e-01,-4.672394394874572754e-01,-2.790641505271196365e-03,3.431220769882202148e+00,-9.930263161659240723e-01,-2.038077354431152344e+00,3.280195474624633789e+00,1.156275153160095215e+00,1.803772926330566406e+00,-1.527231216430664062e+00,-7.599068880081176758e-01,-1.739213824272155762e+00,1.328438878059387207e+00
-1.889094352722167969e+00,-1.763852834701538086e+00,2.874375343322753906e+00,1.550131916999816895e+00,1.638123273849487305e+00,1.397596836090087891e+00,8.691520690917968750e-01,8.779838681221008301e-02,2.781676769256591797e+00,-3.083634078502655029e-01,-1.588026046752929688e+00,5.383929014205932617e-01,2.458428591489791870e-01,1.627501487731933594e+00,-1.642873764038085938e+00,-9.781360626220703125e-01,-2.383004426956176758e+00,-1.263245463371276855e+00,2.587525129318237305e+00,8.033757805824279785e-01,-3.523330092430114746e-01,-1.564644724130630493e-01,3.350526809692382812e+00,-1.268232226371765137e+00,-1.952719569206237793e+00,3.309669971466064453e+00,1.705419063568115234e+00,2.073065519332885742e+00,-1.547620773315429688e+00,-3.450398147106170654e-02,-1.749575734138488770e+00,1.328938841819763184e+00
-1.598869562149047852e+00,-5.406382083892822266e-01,3.238596916198730469e+00,1.026815533638000488e+00,1.180187463760375977e+00,1.018532276153564453e+00,5.226641893386840820e-01,-6.394625306129455566e-01,2.950826168060302734e+00,1.115032315254211426e+00,-2.011240482330322266e+00,9.968882799148559570e-01,-4.817596077919006348e-01,1.548823952674865723e+00,-1.566717386245727539e+00,-9.217194318771362305e-01,-2.004300117492675781e+00,-1.036637663841247559e+00,2.403430223464965820e+00,8.376093506813049316e-01,-7.495599985122680664e-02,-4.441588521003723145e-01,3.217972040176391602e+00,-7.266542315483093262e-01,-1.957515358924865723e+00,3.047073364257812500e+00,1.029886126518249512e+00,2.087915658950805664e+00,-1.401637792587280273e+00,-9.174948930740356445e-01,-1.636933803558349609e+00,1.576521873474121094e+00
-1.705624580383300781e+00,-9.398660659790039062e-01,3.090513229370117188e+00,1.184129238128662109e+00,1.379946589469909668e+00,1.071567773818969727e+00,6.078904867172241211e-01,-3.207083940505981445e-01,2.842496156692504883e+00,6.153696775436401367e-01,-1.856559753417968750e+00,9.258561134338378906e-01,-1.682400554418563843e-01,1.536880970001220703e+00,-1.551056861877441406e+00,-8.905628323554992676e-01,-2.120190620422363281e+00,-1.077944993972778320e+00,2.506327867507934570e+00,8.215100169181823730e-01,-2.022801786661148071e-01,-2.699026465415954590e-01,3.310003280639648438e+00,-8.012801408767700195e-01,-1.862402081489562988e+00,3.148322105407714844e+00,1.143905282020568848e+00,2.040078401565551758e+00,-1.442771911621093750e+00,-6.322855949401855469e-01,-1.622437119483947754e+00,1.463386654853820801e+00
-1.769138574600219727e+00,-8.948234319686889648e-01,3.178505420684814453e+00,1.104529500007629395e+00,1.295989513397216797e+00,1.109937429428100586e+00,5.434728264808654785e-01,-5.641421675682067871e-01,3.132206916809082031e+00,4.996585547924041748e-01,-1.868633627891540527e+00,9.865396618843078613e-01,-3.626872301101684570e-01,1.430379271507263184e+00,-1.556893825531005859e+00,-1.144205808639526367e+00,-2.257383584976196289e+00,-1.494511127471923828e+00,2.699390649795532227e+00,1.053703665733337402e+00,-1.139159128069877625e-02,-4.990175664424896240e-01,3.298068284988403320e+00,-8.759654760360717773e-01,-1.862403750419616699e+00,3.241278409957885742e+00,1.327463507652282715e+00,2.319905042648315430e+00,-1.479682087898254395e+00,-3.365654349327087402e-01,-1.610076069831848145e+00,1.543357849121093750e+00
-1.529058337211608887e+00,-1.053910732269287109e+00,2.726979732513427734e+00,1.383939146995544434e+00,1.516275167465209961e+00,9.913864731788635254e-01,7.089527845382690430e-01,2.028312683105468750e-01,2.058309078216552734e+00,8.996810913085937500e-01,-1.706618785858154297e+00,6.632301211357116699e-01,1.823538243770599365e-01,1.778940916061401367e+00,-1.417585968971252441e+00,-1.587476581335067749e-01,-1.623869299888610840e+00,2.067503333091735840e-02,1.719936251640319824e+00,1.960757672786712646e-01,-4.950457215309143066e-01,1.449632495641708374e-01,2.873716831207275391e+00,-7.289856672286987305e-01,-1.814835190773010254e+00,2.609562397003173828e+00,7.216390371322631836e-01,1.289484500885009766e+00,-1.301854968070983887e+00,-1.081879734992980957e+00,-1.604176640510559082e+00,1.171720504760742188e+00
-1.734961032867431641e+00,-1.284146308898925781e+00,2.915913820266723633e+00,1.343192934989929199e+00,1.484954237937927246e+00,1.137367248535156250e+00,7.175092101097106934e-01,-1.979846507310867310e-03,2.640304803848266602e+00,2.450566887855529785e-01,-1.657628297805786133e+00,7.519105076789855957e-01,6.261262297630310059e-02,1.596553802490234375e+00,-1.561440825462341309e+00,-7.600381970405578613e-01,-2.124444723129272461e+00,-9.638711810111999512e-01,2.401641130447387695e+00,6.932641267776489258e-01,-3.853133320808410645e-01,-1.038658842444419861e-01,3.269485235214233398e+00,-9.077975153923034668e-01,-1.816956639289855957e+00,3.137447595596313477e+00,1.230437874794006348e+00,1.878475546836853027e+00,-1.439672708511352539e+00,-4.636131823062896729e-01,-1.608648061752319336e+00,1.319592714309692383e+00
-1.494580268859863281e+00,-7.002756595611572266e-01,2.949315786361694336e+00,1.071960210800170898e+00,1.307477235794067383e+00,9.430539608001708984e-01,5.348280668258666992e-01,-2.913900017738342285e-01,2.520803689956665039e+00,9.782100915908813477e-01,-1.926630973815917969e+00,9.316585063934326172e-01,-2.170454859733581543e-01,1.579937934875488281e+00,-1.488940238952636719e+00,-6.108839511871337891e-01,-1.876909732818603516e+00,-6.191499829292297363e-01,2.165418863296508789e+00,5.735115408897399902e-01,-2.597719430923461914e-01,-1.779620200395584106e-01,3.115437269210815430e+00,-6.913371086120605469e-01,-1.783597350120544434e+00,2.856384754180908203e+00,8.415130376815795898e-01,1.737179040908813477e+00,-1.347300410270690918e+00,-1.018194198608398438e+00,-1.560965061187744141e+00,1.384337186813354492e+00
-1.787986516952514648e+00,-2.948137998580932617e+00,1.985455513000488281e+00,2.326619863510131836e+00,1.765365242958068848e+00,2.075969457626342773e+00,1.855720400810241699e+00,1.153070330619812012e+00,1.359511852264404297e+00,-7.135543823242187500e-01,-5.495811700820922852e-01,-6.731670498847961426e-01,1.688275814056396484e+00,1.876095414161682129e+00,-1.121605396270751953e+00,1.374160312116146088e-02,-1.206231713294982910e+00,1.236550956964492798e-01,1.423168659210205078e+00,5.082967504858970642e-02,-5.346046686172485352e-01,8.536081910133361816e-01,2.472136259078979492e+00,-1.752534866333007812e+00,-2.519778013229370117e+00,1.928564667701721191e+00,1.815540075302124023e+00,1.398888349533081055e+00,-1.287042498588562012e+00,1.703932881355285645e-03,-1.717588782310485840e+00,6.237864494323730469e-01
-1.397522211074829102e+00,-2.229699611663818359e+00,1.413925766944885254e+00,1.958630681037902832e+00,1.624407052993774414e+00,1.440152049064636230e+00,1.325139164924621582e+00,1.219459414482116699e+00,6.653482317924499512e-01,6.780818104743957520e-03,-3.325771689414978027e-01,-5.150216221809387207e-01,1.397860527038574219e+00,1.585363149642944336e+00,-5.737928748130798340e-01,6.277930736541748047e-01,-4.874857962131500244e-01,9.144607186317443848e-01,5.599297881126403809e-01,-3.009467422962188721e-01,-5.014874935150146484e-01,9.245989918708801270e-01,1.499143242835998535e+00,-1.122191071510314941e+00,-1.962235331535339355e+00,1.050557255744934082e+00,1.037335634231567383e+00,5.249722599983215332e-01,-9.885105490684509277e-01,-2.437169253826141357e-01,-1.399818778038024902e+00,3.240938186645507812e-01
-1.821286916732788086e+00,-2.087789058685302734e+00,2.956915616989135742e+00,1.857020020484924316e+00,1.698870778083801270e+00,1.593962907791137695e+00,1.267634987831115723e+00,4.907458424568176270e-01,2.440791845321655273e+00,-9.631095081567764282e-02,-1.529874920845031738e+00,3.267056941986083984e-01,5.609330534934997559e-01,2.003435373306274414e+00,-1.731277585029602051e+00,-5.030794143676757812e-01,-2.070416927337646484e+00,-6.745191216468811035e-01,2.225495815277099609e+00,4.329265654087066650e-01,-5.898652672767639160e-01,2.147049307823181152e-01,3.403427362442016602e+00,-1.341302275657653809e+00,-2.282160520553588867e+00,3.204062461853027344e+00,1.493648409843444824e+00,1.775645375251770020e+00,-1.556913018226623535e+00,-4.763267934322357178e-01,-1.874594569206237793e+00,1.152352094650268555e+00
-1.693382859230041504e+00,-2.077847242355346680e+00,2.470951795578002930e+00,2.007535934448242188e+00,1.791067838668823242e+00,1.573596477508544922e+00,1.347136616706848145e+00,9.061323404312133789e-01,1.598923087120056152e+00,2.405835390090942383e-01,-1.110571622848510742e+00,5.104994028806686401e-02,1.057985663414001465e+00,1.963564395904541016e+00,-1.265192389488220215e+00,1.348753422498703003e-01,-1.339003562927246094e+00,3.075826764106750488e-01,1.388968586921691895e+00,8.095237612724304199e-02,-5.253915190696716309e-01,5.869731903076171875e-01,2.657664299011230469e+00,-1.223630666732788086e+00,-2.308332443237304688e+00,2.233100891113281250e+00,1.221413850784301758e+00,1.170250415802001953e+00,-1.377491712570190430e+00,-6.721951961517333984e-01,-1.787260770797729492e+00,8.892336487770080566e-01
-1.362586140632629395e+00,-1.718097329139709473e+00,1.607116580009460449e+00,1.755114078521728516e+00,1.712650060653686523e+00,1.015362024307250977e+00,9.177768826484680176e-01,9.446366429328918457e-01,6.374819874763488770e-01,1.143903374671936035e+00,-7.835915684700012207e-01,-1.031453460454940796e-01,1.154335379600524902e+00,1.613579273223876953e+00,-4.841195046901702881e-01,7.983767986297607422e-01,-4.097905158996582031e-01,1.398683667182922363e+00,4.010536372661590576e-01,-5.504726171493530273e-01,-4.023775458335876465e-01,9.139047861099243164e-01,1.385390162467956543e+00,-7.554638385772705078e-01,-1.875140309333801270e+00,1.017602682113647461e+00,5.826359987258911133e-01,2.129601389169692993e-01,-1.034086942672729492e+00,-9.583433866500854492e-01,-1.555028796195983887e+00,5.143727660179138184e-01
-1.824717760086059570e+00,-3.008228540420532227e+00,2.110537528991699219e+00,2.351845741271972656e+00,1.764314413070678711e+00,2.104816436767578125e+00,1.885264039039611816e+00,1.021393060684204102e+00,1.549484968185424805e+00,-8.576424121856689453e-01,-6.908589005470275879e-01,-6.311302185058593750e-01,1.623807668685913086e+00,1.849039435386657715e+00,-1.270477771759033203e+00,-1.833804845809936523e-01,-1.416113138198852539e+00,-1.182224154472351074e-01,1.621130347251892090e+00,1.754411458969116211e-01,-5.127097368240356445e-01,7.712071537971496582e-01,2.637082815170288086e+00,-1.828595161437988281e+00,-2.564409017562866211e+00,2.172991275787353516e+00,1.978445529937744141e+00,1.601039290428161621e+00,-1.323383450508117676e+00,7.220190018415451050e-02,-1.768897175788879395e+00,6.631230711936950684e-01
-1.762968659400939941e+00,-1.108085632324218750e+00,3.015334844589233398e+00,1.163330316543579102e+00,1.407941341400146484e+00,1.124762415885925293e+00,5.657702684402465820e-01,-4.024812579154968262e-01,3.022270679473876953e+00,1.738612949848175049e-01,-1.801750302314758301e+00,9.232617020606994629e-01,-2.223603725433349609e-01,1.382533907890319824e+00,-1.557206869125366211e+00,-1.136363387107849121e+00,-2.334350585937500000e+00,-1.491480112075805664e+00,2.713732481002807617e+00,1.020410537719726562e+00,-7.064061611890792847e-02,-4.459023177623748779e-01,3.275306463241577148e+00,-9.811240434646606445e-01,-1.772927284240722656e+00,3.254038333892822266e+00,1.442563414573669434e+00,2.256906032562255859e+00,-1.491520404815673828e+00,-1.683124899864196777e-01,-1.584191799163818359e+00,1.446769833564758301e+00
-1.594277858734130859e+00,-1.267547965049743652e+00,2.788967609405517578e+00,1.490131139755249023e+00,1.549624562263488770e+00,1.098620653152465820e+00,8.389323949813842773e-01,2.849457859992980957e-01,2.151218652725219727e+00,6.385027170181274414e-01,-1.631770253181457520e+00,5.970286726951599121e-01,2.689404189586639404e-01,1.803965687751770020e+00,-1.515718579292297363e+00,-2.329378426074981689e-01,-1.724226593971252441e+00,-1.413881480693817139e-01,1.830676794052124023e+00,2.629038095474243164e-01,-5.416743159294128418e-01,1.553305834531784058e-01,3.006162166595458984e+00,-8.202905058860778809e-01,-1.900815606117248535e+00,2.776687383651733398e+00,8.649528026580810547e-01,1.406343102455139160e+00,-1.337039351463317871e+00,-9.164471626281738281e-01,-1.606578469276428223e+00,1.137902855873107910e+00
-2.972547709941864014e-01,2.994704991579055786e-02,6.176876425743103027e-01,5.544777214527130127e-02,-2.354206740856170654e-01,-2.489991635084152222e-01,4.242757558822631836e-01,-9.224680662155151367e-01,1.750058770179748535e+00,-1.400233149528503418e+00,-5.310497283935546875e-01,7.677052617073059082e-01,-1.464430570602416992e+00,-1.942149102687835693e-01,-7.025267481803894043e-01,-6.952384710311889648e-01,-9.018325209617614746e-01,-1.820835113525390625e+00,1.162078022956848145e+00,8.272565603256225586e-01,4.748315811157226562e-01,-3.676192164421081543e-01,5.450868606567382812e-01,-7.037038207054138184e-01,-7.409212738275527954e-02,8.534665703773498535e-01,5.518775582313537598e-01,9.493599534034729004e-01,-3.868340253829956055e-01,1.504087090492248535e+00,2.461687624454498291e-01,2.927868068218231201e-01
-1.760563373565673828e+00,-1.153445243835449219e+00,3.077446222305297852e+00,1.303627848625183105e+00,1.479214906692504883e+00,1.142538428306579590e+00,7.004040479660034180e-01,-1.538822203874588013e-01,2.793661355972290039e+00,4.371955096721649170e-01,-1.808349728584289551e+00,8.548572659492492676e-01,-1.231584511697292328e-02,1.608612060546875000e+00,-1.590994358062744141e+00,-8.568399548530578613e-01,-2.175989389419555664e+00,-1.048721671104431152e+00,2.532072305679321289e+00,7.675872445106506348e-01,-2.919050455093383789e-01,-1.855424344539642334e-01,3.384795427322387695e+00,-8.781091570854187012e-01,-1.896309971809387207e+00,3.227151155471801758e+00,1.207845330238342285e+00,2.001954555511474609e+00,-1.479444622993469238e+00,-5.790286064147949219e-01,-1.659908294677734375e+00,1.428164243698120117e+00
-1.772622346878051758e+00,-9.134256243705749512e-01,3.174613475799560547e+00,1.139153599739074707e+00,1.324595212936401367e+00,1.113559484481811523e+00,5.634772777557373047e-01,-5.069849491119384766e-01,3.070032596588134766e+00,5.397481918334960938e-01,-1.869530797004699707e+00,9.643635749816894531e-01,-2.922312617301940918e-01,1.462763786315917969e+00,-1.562122344970703125e+00,-1.093108296394348145e+00,-2.233319044113159180e+00,-1.398003220558166504e+00,2.672408103942871094e+00,1.003565192222595215e+00,-6.144782155752182007e-02,-4.399603009223937988e-01,3.327905654907226562e+00,-8.599929809570312500e-01,-1.877106428146362305e+00,3.232743024826049805e+00,1.293701529502868652e+00,2.259665489196777344e+00,-1.478460192680358887e+00,-4.192684590816497803e-01,-1.627057313919067383e+00,1.540955662727355957e+00
-1.129517793655395508e+00,-1.602125406265258789e+00,1.129801630973815918e+00,1.541034817695617676e+00,1.342202067375183105e+00,8.758664727210998535e-01,8.414787054061889648e-01,8.635827302932739258e-01,2.847058773040771484e-01,7.012447118759155273e-01,-4.712089002132415771e-01,-3.169499635696411133e-01,1.036902070045471191e+00,1.218471527099609375e+00,-3.393845856189727783e-01,8.211429119110107422e-01,-1.628840565681457520e-01,1.298800826072692871e+00,1.359826028347015381e-01,-4.983932375907897949e-01,-3.849969506263732910e-01,8.775865435600280762e-01,9.186378121376037598e-01,-5.811527967453002930e-01,-1.528370976448059082e+00,5.845627188682556152e-01,5.485301017761230469e-01,8.557101339101791382e-02,-6.928087472915649414e-01,-5.615808963775634766e-01,-1.207352995872497559e+00,1.852761954069137573e-01
-9.883559942245483398e-01,-1.540278792381286621e-01,2.052319049835205078e+00,6.371978521347045898e-01,1.136650800704956055e+00,4.361452460289001465e-01,-6.587632745504379272e-02,-2.110789418220520020e-01,1.501060962677001953e+00,2.039383172988891602e+00,-1.781847596168518066e+00,8.937379121780395508e-01,-1.823470741510391235e-01,1.457376480102539062e+00,-8.180949687957763672e-01,1.180627048015594482e-01,-9.850776195526123047e-01,4.732090234756469727e-01,1.044503450393676758e+00,-1.856217682361602783e-01,-1.794992089271545410e-01,2.555544860661029816e-02,2.082327604293823242e+00,-4.586227238178253174e-01,-1.294671297073364258e+00,1.614351391792297363e+00,4.156747832894325256e-02,6.557480096817016602e-01,-1.261124849319458008e+00,-1.676184415817260742e+00,-1.387309432029724121e+00,1.250442862510681152e+00
-1.545780062675476074e+00,-2.466009378433227539e+00,1.611951351165771484e+00,2.141550779342651367e+00,1.786019802093505859e+00,1.688024878501892090e+00,1.477558135986328125e+00,1.379522323608398438e+00,8.089568018913269043e-01,-1.014584302902221680e-02,-3.355306982994079590e-01,-5.345965027809143066e-01,1.570706844329833984e+00,1.820331811904907227e+00,-6.437396407127380371e-01,6.398804783821105957e-01,-5.962187051773071289e-01,9.213321208953857422e-01,6.899049282073974609e-01,-3.132673203945159912e-01,-5.265871286392211914e-01,1.007193088531494141e+00,1.740251898765563965e+00,-1.324178576469421387e+00,-2.223374128341674805e+00,1.248967885971069336e+00,1.186608791351318359e+00,6.540065407752990723e-01,-1.174060463905334473e+00,-2.921811044216156006e-01,-1.588819026947021484e+00,4.599325060844421387e-01
-1.656092405319213867e+00,-1.552300930023193359e+00,2.726401805877685547e+00,1.692921519279479980e+00,1.648937702178955078e+00,1.261864662170410156e+00,1.009400725364685059e+00,5.173871517181396484e-01,1.995705962181091309e+00,5.145695209503173828e-01,-1.469142317771911621e+00,4.186054170131683350e-01,5.214788317680358887e-01,1.896143317222595215e+00,-1.462044954299926758e+00,-8.077494800090789795e-02,-1.597418785095214844e+00,2.279785275459289551e-02,1.692167043685913086e+00,1.893607974052429199e-01,-5.797038078308105469e-01,2.947327196598052979e-01,2.934820413589477539e+00,-9.545125961303710938e-01,-2.039343595504760742e+00,2.645385742187500000e+00,9.688373804092407227e-01,1.311646461486816406e+00,-1.364060044288635254e+00,-8.281631469726562500e-01,-1.687759280204772949e+00,1.065342068672180176e+00
-3.239561021327972412e-01,1.859351694583892822e-01,1.095397233963012695e+00,-5.235113203525543213e-03,-7.031325995922088623e-02,-2.067539691925048828e-01,3.484337925910949707e-01,-1.109156608581542969e+00,2.139608860015869141e+00,-1.022037267684936523e+00,-8.906053900718688965e-01,1.039306282997131348e+00,-1.631324648857116699e+00,-4.224581271409988403e-02,-9.212271571159362793e-01,-8.267630338668823242e-01,-1.248821616172790527e+00,-2.054783344268798828e+00,1.459259033203125000e+00,1.011807799339294434e+00,5.778684020042419434e-01,-6.393189430236816406e-01,9.111379981040954590e-01,-8.052260279655456543e-01,-2.943681478500366211e-01,1.239750504493713379e+00,6.150155067443847656e-01,1.311051487922668457e+00,-5.662683844566345215e-01,1.275261998176574707e+00,2.768462710082530975e-02,4.152505397796630859e-01
-1.653804421424865723e+00,-8.660468459129333496e-01,3.082778453826904297e+00,1.152204513549804688e+00,1.352898955345153809e+00,1.035830497741699219e+00,5.999954342842102051e-01,-3.236593604087829590e-01,2.783087491989135742e+00,7.051452398300170898e-01,-1.888432741165161133e+00,9.281897544860839844e-01,-1.837062537670135498e-01,1.547387599945068359e+00,-1.550545215606689453e+00,-8.390515446662902832e-01,-2.073529481887817383e+00,-9.872277975082397461e-01,2.443345069885253906e+00,7.756740450859069824e-01,-2.153595238924026489e-01,-2.540902495384216309e-01,3.274237871170043945e+00,-7.691340446472167969e-01,-1.845411181449890137e+00,3.091393470764160156e+00,1.078864693641662598e+00,1.992544770240783691e+00,-1.411813497543334961e+00,-7.358088493347167969e-01,-1.600185990333557129e+00,1.445602178573608398e+00
-1.652460217475891113e+00,-1.483299493789672852e+00,2.754334688186645508e+00,1.643353343009948730e+00,1.619665503501892090e+00,1.229154944419860840e+00,9.647775888442993164e-01,4.566220641136169434e-01,2.074876308441162109e+00,5.179451704025268555e-01,-1.520767927169799805e+00,4.667020738124847412e-01,4.331848323345184326e-01,1.889211654663085938e+00,-1.498980641365051270e+00,-1.425919532775878906e-01,-1.662518382072448730e+00,-5.740828812122344971e-02,1.755849003791809082e+00,2.259587645530700684e-01,-5.788125395774841309e-01,2.480122148990631104e-01,2.989442586898803711e+00,-9.338838458061218262e-01,-2.006278753280639648e+00,2.726109504699707031e+00,9.474285840988159180e-01,1.359455227851867676e+00,-1.372144341468811035e+00,-8.371200561523437500e-01,-1.658168673515319824e+00,1.091263175010681152e+00
-1.586498141288757324e+00,-1.098764896392822266e+00,2.889426708221435547e+00,1.420029878616333008e+00,1.547276020050048828e+00,1.053252577781677246e+00,7.513649463653564453e-01,1.532322466373443604e-01,2.249482154846191406e+00,8.433094024658203125e-01,-1.794121026992797852e+00,7.342857718467712402e-01,1.323092877864837646e-01,1.823920607566833496e+00,-1.526048064231872559e+00,-2.832739055156707764e-01,-1.767635583877563477e+00,-1.588939279317855835e-01,1.917502284049987793e+00,2.910322844982147217e-01,-4.847084879875183105e-01,9.569895267486572266e-02,3.079710483551025391e+00,-7.837219238281250000e-01,-1.897890090942382812e+00,2.837209224700927734e+00,8.040491342544555664e-01,1.439342617988586426e+00,-1.378196597099304199e+00,-1.074695944786071777e+00,-1.654978156089782715e+00,1.242516398429870605e+00
-1.758042097091674805e+00,-2.962371110916137695e+00,1.903018355369567871e+00,2.308532238006591797e+00,1.743050575256347656e+00,2.066556692123413086e+00,1.850852131843566895e+00,1.144694566726684570e+00,1.320405840873718262e+00,-7.745590209960937500e-01,-5.046880841255187988e-01,-7.097381353378295898e-01,1.678701519966125488e+00,1.832072973251342773e+00,-1.100869894027709961e+00,1.377422921359539032e-02,-1.184748530387878418e+00,1.192672401666641235e-01,1.404904365539550781e+00,4.787133261561393738e-02,-5.355099439620971680e-01,8.619922399520874023e-01,2.410906553268432617e+00,-1.754486441612243652e+00,-2.490448474884033203e+00,1.900127649307250977e+00,1.833150386810302734e+00,1.392075896263122559e+00,-1.258751630783081055e+00,5.544138699769973755e-02,-1.675351262092590332e+00,5.818290710449218750e-01
-1.304756641387939453e+00,-7.520408034324645996e-01,2.199460983276367188e+00,1.173859119415283203e+00,1.410874485969543457e+00,6.804425716400146484e-01,4.235722124576568604e-01,2.554616928100585938e-01,1.585900187492370605e+00,1.338486790657043457e+00,-1.532882928848266602e+00,5.537075400352478027e-01,1.621247678995132446e-01,1.651058673858642578e+00,-9.761191606521606445e-01,2.334873825311660767e-01,-1.106417655944824219e+00,5.461741089820861816e-01,1.113352656364440918e+00,-1.491115391254425049e-01,-4.396334886550903320e-01,2.184005677700042725e-01,2.183514356613159180e+00,-5.723628997802734375e-01,-1.548093795776367188e+00,1.873787760734558105e+00,3.270156383514404297e-01,7.462541460990905762e-01,-1.147682070732116699e+00,-1.173075556755065918e+00,-1.497978448867797852e+00,1.021893382072448730e+00
-1.456391096115112305e+00,-1.147171378135681152e+00,2.211881637573242188e+00,1.509569168090820312e+00,1.573234438896179199e+00,8.986890316009521484e-01,7.267558574676513672e-01,5.595149993896484375e-01,1.474359393119812012e+00,1.103677749633789062e+00,-1.325354576110839844e+00,3.287886977195739746e-01,5.060782432556152344e-01,1.741522312164306641e+00,-9.639510512351989746e-01,3.730583786964416504e-01,-1.003495812416076660e+00,7.132765650749206543e-01,1.043220043182373047e+00,-2.019366025924682617e-01,-5.017709732055664062e-01,3.663783371448516846e-01,2.152311086654663086e+00,-7.252405285835266113e-01,-1.768145322799682617e+00,1.822118639945983887e+00,4.889122545719146729e-01,6.817868947982788086e-01,-1.157493829727172852e+00,-9.945765733718872070e-01,-1.578091382980346680e+00,9.186460375785827637e-01
-1.501972317695617676e+00,-9.828985333442687988e-01,2.718802452087402344e+00,1.332274913787841797e+00,1.484639167785644531e+00,9.390328526496887207e-01,6.708363890647888184e-01,1.564024090766906738e-01,2.078746080398559570e+00,9.299638271331787109e-01,-1.738365173339843750e+00,6.924085617065429688e-01,1.263157427310943604e-01,1.757959842681884766e+00,-1.406845092773437500e+00,-1.811758279800415039e-01,-1.625335097312927246e+00,-1.170810218900442123e-02,1.724640011787414551e+00,2.044165730476379395e-01,-4.807187318801879883e-01,1.138477548956871033e-01,2.866952657699584961e+00,-7.096454501152038574e-01,-1.779322504997253418e+00,2.600341796875000000e+00,6.830612421035766602e-01,1.301732778549194336e+00,-1.288293361663818359e+00,-1.087160229682922363e+00,-1.582943916320800781e+00,1.184008717536926270e+00
-1.736699104309082031e+00,-1.140897393226623535e+00,2.972192764282226562e+00,1.148478984832763672e+00,1.412124514579772949e+00,1.121944904327392578e+00,5.558789372444152832e-01,-4.166356325149536133e-01,3.050176382064819336e+00,8.250078558921813965e-02,-1.806507468223571777e+00,9.150292277336120605e-01,-2.611946761608123779e-01,1.341486334800720215e+00,-1.581446170806884766e+00,-1.187415480613708496e+00,-2.381438255310058594e+00,-1.548908114433288574e+00,2.711949110031127930e+00,1.051587820053100586e+00,-3.860857337713241577e-02,-4.889389574527740479e-01,3.239672183990478516e+00,-1.034568786621093750e+00,-1.764555811882019043e+00,3.267865896224975586e+00,1.514918208122253418e+00,2.284484624862670898e+00,-1.505711197853088379e+00,-7.918444275856018066e-02,-1.576911091804504395e+00,1.426508665084838867e+00
-1.582085013389587402e+00,-1.090798497200012207e+00,2.824003219604492188e+00,1.440361380577087402e+00,1.563145756721496582e+00,1.030027270317077637e+00,7.443777322769165039e-01,2.140763252973556519e-01,2.156101942062377930e+00,8.865125179290771484e-01,-1.754711270332336426e+00,6.978189349174499512e-01,1.688227653503417969e-01,1.839058756828308105e+00,-1.470715761184692383e+00,-1.911031007766723633e-01,-1.687299966812133789e+00,-3.320593386888504028e-02,1.801869392395019531e+00,2.181396484375000000e-01,-5.013116598129272461e-01,1.280155926942825317e-01,2.979926586151123047e+00,-7.677304148674011230e-01,-1.878533005714416504e+00,2.728698492050170898e+00,7.501949071884155273e-01,1.338694453239440918e+00,-1.353382587432861328e+00,-1.084935069084167480e+00,-1.652193188667297363e+00,1.213907122611999512e+00
-1.515820741653442383e+00,-1.242700099945068359e+00,2.553295850753784180e+00,1.453930735588073730e+00,1.501527309417724609e+00,1.033540964126586914e+00,8.100622296333312988e-01,3.588127493858337402e-01,1.909411191940307617e+00,6.544054746627807617e-01,-1.499853610992431641e+00,4.992502033710479736e-01,3.258231282234191895e-01,1.737528085708618164e+00,-1.351874351501464844e+00,-6.476228684186935425e-02,-1.517589449882507324e+00,5.955152586102485657e-02,1.580276012420654297e+00,1.484445631504058838e-01,-5.395482182502746582e-01,2.389869540929794312e-01,2.728385210037231445e+00,-7.680644989013671875e-01,-1.804146170616149902e+00,2.470975160598754883e+00,7.780768871307373047e-01,1.222229003906250000e+00,-1.239694118499755859e+00,-8.777847290039062500e-01,-1.531527042388916016e+00,1.022435307502746582e+00
-1.477970719337463379e+00,-4.765174984931945801e-01,2.981797456741333008e+00,8.938338756561279297e-01,1.106230258941650391e+00,8.916052579879760742e-01,4.132123291492462158e-01,-5.576174855232238770e-01,2.696229219436645508e+00,9.980731010437011719e-01,-1.878874897956848145e+00,9.735182523727416992e-01,-4.524188935756683350e-01,1.419853448867797852e+00,-1.446972012519836426e+00,-8.052547574043273926e-01,-1.893578171730041504e+00,-9.440982937812805176e-01,2.230460643768310547e+00,7.976282835006713867e-01,-1.166814267635345459e-01,-3.808728158473968506e-01,2.995935201644897461e+00,-6.280708312988281250e-01,-1.713605642318725586e+00,2.796721935272216797e+00,9.436222314834594727e-01,1.943634867668151855e+00,-1.278785824775695801e+00,-8.329551219940185547e-01,-1.469077944755554199e+00,1.434636712074279785e+00
-1.767221212387084961e+00,-8.729470372200012207e-01,3.191425323486328125e+00,1.098469853401184082e+00,1.283200144767761230e+00,1.109092354774475098e+00,5.392191410064697266e-01,-5.814052224159240723e-01,3.141158103942871094e+00,5.322661399841308594e-01,-1.875825285911560059e+00,9.917233586311340332e-01,-3.778020739555358887e-01,1.432705044746398926e+00,-1.557917118072509766e+00,-1.145869135856628418e+00,-2.249363899230957031e+00,-1.491982460021972656e+00,2.694558620452880859e+00,1.057297110557556152e+00,-5.772378295660018921e-03,-5.060070157051086426e-01,3.297604084014892578e+00,-8.674283623695373535e-01,-1.871470451354980469e+00,3.239067077636718750e+00,1.317260265350341797e+00,2.323933124542236328e+00,-1.478783965110778809e+00,-3.540388047695159912e-01,-1.613605618476867676e+00,1.552567005157470703e+00
-1.220546007156372070e+00,-6.144368648529052734e-01,2.053258657455444336e+00,1.088768005371093750e+00,1.425194382667541504e+00,6.077994108200073242e-01,2.660451531410217285e-01,2.346757203340530396e-01,1.413231253623962402e+00,1.801804304122924805e+00,-1.517389059066772461e+00,6.330311298370361328e-01,2.378808408975601196e-01,1.657474279403686523e+00,-8.453515768051147461e-01,3.655610382556915283e-01,-8.920721411705017090e-01,8.178474307060241699e-01,9.347121119499206543e-01,-3.601448833942413330e-01,-3.653033971786499023e-01,2.566847205162048340e-01,2.014998912811279297e+00,-5.654923319816589355e-01,-1.538191318511962891e+00,1.660510897636413574e+00,1.774619817733764648e-01,5.064831376075744629e-01,-1.244433283805847168e+00,-1.458284974098205566e+00,-1.502586364746093750e+00,1.087229371070861816e+00
-1.678971648216247559e+00,-2.655804634094238281e+00,2.067732810974121094e+00,2.144661188125610352e+00,1.641819953918457031e+00,1.835657835006713867e+00,1.666719913482666016e+00,9.691893458366394043e-01,1.440292954444885254e+00,-5.559371113777160645e-01,-7.300255298614501953e-01,-4.250949919223785400e-01,1.401623964309692383e+00,1.764249444007873535e+00,-1.194344043731689453e+00,-3.424677625298500061e-02,-1.292073249816894531e+00,3.695494309067726135e-02,1.454744815826416016e+00,9.493675082921981812e-02,-5.307059288024902344e-01,7.891724109649658203e-01,2.496414422988891602e+00,-1.552237510681152344e+00,-2.342147827148437500e+00,2.049695730209350586e+00,1.670627951622009277e+00,1.402319669723510742e+00,-1.246984362602233887e+00,-1.029736995697021484e-01,-1.636209607124328613e+00,6.404683589935302734e-01
-1.565809130668640137e+00,-2.355906248092651367e+00,1.767165780067443848e+00,2.138236999511718750e+00,1.806571602821350098e+00,1.620882749557495117e+00,1.428092718124389648e+00,1.305790662765502930e+00,8.724899888038635254e-01,1.433370709419250488e-01,-4.955262243747711182e-01,-4.247212707996368408e-01,1.504853010177612305e+00,1.858157992362976074e+00,-6.973858475685119629e-01,6.194518208503723145e-01,-6.639446020126342773e-01,9.287163615226745605e-01,7.230408191680908203e-01,-2.847132086753845215e-01,-5.039163231849670410e-01,9.800282120704650879e-01,1.828186869621276855e+00,-1.275339961051940918e+00,-2.241030216217041016e+00,1.325870871543884277e+00,1.149245023727416992e+00,6.828167438507080078e-01,-1.204661965370178223e+00,-4.485145509243011475e-01,-1.632785916328430176e+00,5.414705872535705566e-01
-1.593615412712097168e+00,-1.205770969390869141e+00,2.760319948196411133e+00,1.073288679122924805e+00,1.407720446586608887e+00,1.039136886596679688e+00,5.294840931892395020e-01,-4.069677591323852539e-01,3.011187314987182617e+00,-2.611252069473266602e-01,-1.783556103706359863e+00,9.173986315727233887e-01,-3.851839900016784668e-01,1.204267859458923340e+00,-1.603255510330200195e+00,-1.237843155860900879e+00,-2.454424381256103516e+00,-1.624594092369079590e+00,2.634705781936645508e+00,1.060798525810241699e+00,2.345123700797557831e-02,-5.699473023414611816e-01,3.047729492187500000e+00,-1.187634468078613281e+00,-1.623946428298950195e+00,3.233957052230834961e+00,1.625154972076416016e+00,2.277173757553100586e+00,-1.492283225059509277e+00,1.762052178382873535e-01,-1.472609281539916992e+00,1.272415757179260254e+00
-3.446124792098999023e-01,-1.359115600585937500e+00,-7.585988640785217285e-01,8.621523976325988770e-01,-3.159576281905174255e-02,2.194739282131195068e-01,8.353269100189208984e-01,2.800003886222839355e-01,-1.239211112260818481e-02,-2.777037620544433594e+00,6.338176727294921875e-01,-4.101681113243103027e-01,7.353335618972778320e-01,-4.388522803783416748e-01,-5.814960598945617676e-02,-2.381535321474075317e-01,-1.807777881622314453e-01,-5.976187586784362793e-01,2.256923541426658630e-02,2.895790338516235352e-01,2.120578289031982422e-01,4.388662278652191162e-01,-7.245424389839172363e-01,-6.571345925331115723e-01,8.275830745697021484e-02,-2.456505894660949707e-01,8.878374099731445312e-01,1.037724912166595459e-01,1.298421770334243774e-01,1.924665331840515137e+00,5.926508307456970215e-01,-6.390469670295715332e-01
-3.452998399734497070e-01,-9.395844936370849609e-01,-1.948729753494262695e-01,6.471864581108093262e-01,-3.281060978770256042e-02,2.688392996788024902e-03,7.392396926879882812e-01,-1.735017448663711548e-01,7.428585886955261230e-01,-2.327127933502197266e+00,5.876254290342330933e-02,1.081753224134445190e-01,-1.053449660539627075e-01,-3.054095208644866943e-01,-3.559728562831878662e-01,-3.923235237598419189e-01,-5.000915527343750000e-01,-1.084617495536804199e+00,5.854206681251525879e-01,4.381094276905059814e-01,3.412649035453796387e-01,1.948018670082092285e-01,-1.083887517452239990e-01,-7.930096983909606934e-01,6.939113140106201172e-03,2.763260900974273682e-01,8.044775724411010742e-01,4.979162216186523438e-01,-1.756643205881118774e-01,1.832284808158874512e+00,4.515720903873443604e-01,-2.359565645456314087e-01
-1.715382456779479980e+00,-1.183502435684204102e+00,2.912882804870605469e+00,1.151682972908020020e+00,1.428494334220886230e+00,1.111004352569580078e+00,5.605350732803344727e-01,-3.766821026802062988e-01,3.009594917297363281e+00,-5.667299032211303711e-03,-1.784565925598144531e+00,8.947023153305053711e-01,-2.406300157308578491e-01,1.320649623870849609e+00,-1.578114867210388184e+00,-1.182285666465759277e+00,-2.392425298690795898e+00,-1.538021922111511230e+00,2.690132379531860352e+00,1.036671042442321777e+00,-5.229715257883071899e-02,-4.786376655101776123e-01,3.206517457962036133e+00,-1.061113476753234863e+00,-1.732166171073913574e+00,3.252655029296875000e+00,1.541168093681335449e+00,2.259154558181762695e+00,-1.499107360839843750e+00,-3.448463976383209229e-02,-1.557835340499877930e+00,1.387633800506591797e+00
-1.724997520446777344e+00,-2.465910434722900391e+00,2.107941150665283203e+00,2.255101680755615234e+00,1.894717693328857422e+00,1.801440358161926270e+00,1.569653987884521484e+00,1.296310782432556152e+00,1.179197192192077637e+00,9.313738346099853516e-02,-6.818146705627441406e-01,-3.597313463687896729e-01,1.533243179321289062e+00,2.028397321701049805e+00,-9.411911368370056152e-01,4.277569949626922607e-01,-9.363410472869873047e-01,7.101573348045349121e-01,1.018173456192016602e+00,-1.338568627834320068e-01,-5.084754228591918945e-01,8.934575319290161133e-01,2.263262987136840820e+00,-1.449891805648803711e+00,-2.457803249359130859e+00,1.669499993324279785e+00,1.317313790321350098e+00,9.282971024513244629e-01,-1.363912701606750488e+00,-5.236241817474365234e-01,-1.809089064598083496e+00,7.178883552551269531e-01
-1.704300522804260254e+00,-1.852248311042785645e+00,2.753442764282226562e+00,1.782223224639892578e+00,1.637821197509765625e+00,1.428235650062561035e+00,1.160914301872253418e+00,5.751302838325500488e-01,2.097783803939819336e+00,1.773481965065002441e-01,-1.396558880805969238e+00,3.119029700756072998e-01,6.192390322685241699e-01,1.918539404869079590e+00,-1.567977309226989746e+00,-2.150939553976058960e-01,-1.747125506401062012e+00,-2.321814149618148804e-01,1.855694055557250977e+00,2.753003537654876709e-01,-6.067894697189331055e-01,3.282573521137237549e-01,3.097369194030761719e+00,-1.131324887275695801e+00,-2.146264314651489258e+00,2.821808338165283203e+00,1.215227484703063965e+00,1.494387626647949219e+00,-1.418098568916320801e+00,-6.227384805679321289e-01,-1.723107814788818359e+00,1.037826776504516602e+00
-8.023716211318969727e-01,-7.801061868667602539e-02,1.725028991699218750e+00,4.479913711547851562e-01,9.299283623695373535e-01,3.698506653308868408e-01,-1.030902639031410217e-01,-2.562113702297210693e-01,1.257865667343139648e+00,1.843250751495361328e+00,-1.498361825942993164e+00,7.911174297332763672e-01,-2.150582522153854370e-01,1.197875857353210449e+00,-7.005357146263122559e-01,1.446144133806228638e-01,-8.223208785057067871e-01,4.020704030990600586e-01,8.388498425483703613e-01,-1.950433552265167236e-01,-1.284725964069366455e-01,-2.979042939841747284e-03,1.714925408363342285e+00,-3.442547619342803955e-01,-1.120626449584960938e+00,1.308223485946655273e+00,1.311553642153739929e-02,5.341877341270446777e-01,-1.090350866317749023e+00,-1.493015527725219727e+00,-1.171147823333740234e+00,1.039326190948486328e+00
-1.143265128135681152e+00,-1.671863913536071777e+00,1.124233961105346680e+00,1.567023634910583496e+00,1.345168828964233398e+00,9.357871413230895996e-01,9.208760261535644531e-01,9.126417040824890137e-01,3.265801072120666504e-01,4.935407340526580811e-01,-4.218641519546508789e-01,-3.584931790828704834e-01,1.059820532798767090e+00,1.229315757751464844e+00,-3.618981242179870605e-01,7.544894218444824219e-01,-1.948406100273132324e-01,1.184577584266662598e+00,1.787604689598083496e-01,-4.041619300842285156e-01,-4.340778589248657227e-01,8.492625951766967773e-01,9.737889766693115234e-01,-6.336850523948669434e-01,-1.518504500389099121e+00,6.272898912429809570e-01,6.150592565536499023e-01,1.527950316667556763e-01,-6.804664134979248047e-01,-4.576390087604522705e-01,-1.166550159454345703e+00,1.664088368415832520e-01
-1.500247478485107422e+00,-2.194304466247558594e+00,1.674732565879821777e+00,2.052189350128173828e+00,1.851297616958618164e+00,1.365722656250000000e+00,1.210549235343933105e+00,1.298786163330078125e+00,6.623143553733825684e-01,6.679494380950927734e-01,-5.456703901290893555e-01,-3.216981291770935059e-01,1.428990483283996582e+00,1.869553446769714355e+00,-4.735035002231597900e-01,8.287737369537353516e-01,-4.304665327072143555e-01,1.323540091514587402e+00,4.143029451370239258e-01,-4.724063277244567871e-01,-5.277425646781921387e-01,1.127367854118347168e+00,1.535405039787292480e+00,-1.077904224395751953e+00,-2.094925403594970703e+00,1.091064333915710449e+00,8.937108516693115234e-01,3.611251413822174072e-01,-1.160958528518676758e+00,-7.061731815338134766e-01,-1.666803717613220215e+00,5.146887898445129395e-01
-1.669112563133239746e+00,-1.502751231193542480e+00,2.842706203460693359e+00,1.625833392143249512e+00,1.622794985771179199e+00,1.254278659820556641e+00,9.616107344627380371e-01,3.997215628623962402e-01,2.191946506500244141e+00,4.765152633190155029e-01,-1.584852337837219238e+00,5.268533825874328613e-01,3.681026399135589600e-01,1.898674368858337402e+00,-1.574321985244750977e+00,-2.466475069522857666e-01,-1.781348228454589844e+00,-1.998519450426101685e-01,1.888733386993408203e+00,2.976422607898712158e-01,-5.809544324874877930e-01,2.105266302824020386e-01,3.110228300094604492e+00,-9.410849213600158691e-01,-2.018016815185546875e+00,2.887633562088012695e+00,1.009989380836486816e+00,1.456929206848144531e+00,-1.410227417945861816e+00,-8.463099002838134766e-01,-1.683097004890441895e+00,1.126668810844421387e+00
-1.094393014907836914e+00,-1.390084743499755859e+00,1.428527712821960449e+00,1.512996315956115723e+00,1.527025818824768066e+00,7.611070871353149414e-01,4.769025743007659912e-01,5.856429934501647949e-01,1.829242408275604248e-01,1.719285368919372559e+00,-8.350663781166076660e-01,-3.076839074492454529e-02,1.158172130584716797e+00,1.274285793304443359e+00,-4.930536746978759766e-01,1.108782172203063965e+00,-3.089157640933990479e-01,1.642605304718017578e+00,3.273044526576995850e-01,-9.724194407463073730e-01,-5.340453237295150757e-02,1.081887602806091309e+00,1.159961104393005371e+00,-3.556793928146362305e-01,-1.894873380661010742e+00,7.106653451919555664e-01,3.771269619464874268e-01,7.979024201631546021e-03,-1.091894865036010742e+00,-1.357592701911926270e+00,-1.541762232780456543e+00,4.416165351867675781e-01
-1.682071447372436523e+00,-2.397124290466308594e+00,2.023189306259155273e+00,2.225666761398315430e+00,1.895658493041992188e+00,1.724709272384643555e+00,1.510165333747863770e+00,1.307815074920654297e+00,1.059957146644592285e+00,1.781537830829620361e-01,-6.385787725448608398e-01,-3.594601154327392578e-01,1.523593187332153320e+00,2.004616737365722656e+00,-8.275911211967468262e-01,5.247362852096557617e-01,-8.261356353759765625e-01,8.401905298233032227e-01,8.909091949462890625e-01,-2.076084315776824951e-01,-5.032338500022888184e-01,9.325923323631286621e-01,2.104921340942382812e+00,-1.380659222602844238e+00,-2.391277313232421875e+00,1.540277004241943359e+00,1.229051470756530762e+00,8.187148571014404297e-01,-1.322098970413208008e+00,-5.515009164810180664e-01,-1.777635574340820312e+00,6.818416714668273926e-01
-1.385687708854675293e+00,-6.815944910049438477e-01,2.568655729293823242e+00,1.160588264465332031e+00,1.438427448272705078e+00,7.790676951408386230e-01,4.455776512622833252e-01,6.783260405063629150e-02,1.933612704277038574e+00,1.403849959373474121e+00,-1.826651096343994141e+00,7.804519534111022949e-01,3.223633393645286560e-02,1.759201884269714355e+00,-1.211416602134704590e+00,-4.556868597865104675e-02,-1.426665306091308594e+00,2.631104290485382080e-01,1.513214826583862305e+00,3.652344271540641785e-02,-3.954886794090270996e-01,8.923970162868499756e-02,2.644806861877441406e+00,-6.530305147171020508e-01,-1.660553932189941406e+00,2.304785728454589844e+00,4.421635568141937256e-01,1.064897179603576660e+00,-1.293542623519897461e+00,-1.345235824584960938e+00,-1.610167384147644043e+00,1.267991662025451660e+00
-1.631276845932006836e+00,-1.231363177299499512e+00,2.842736244201660156e+00,1.337960839271545410e+00,1.452858567237854004e+00,1.068807005882263184e+00,7.399447560310363770e-01,8.317361027002334595e-02,2.447943925857543945e+00,3.721260130405426025e-01,-1.640759468078613281e+00,7.152670025825500488e-01,8.777473121881484985e-02,1.622031211853027344e+00,-1.548137903213500977e+00,-5.695598125457763672e-01,-1.968590497970581055e+00,-6.863920092582702637e-01,2.178074836730957031e+00,5.383148193359375000e-01,-4.604338407516479492e-01,-1.604553498327732086e-02,3.152211904525756836e+00,-8.352610468864440918e-01,-1.800288319587707520e+00,2.997764348983764648e+00,1.062598109245300293e+00,1.689545154571533203e+00,-1.371534228324890137e+00,-6.313838958740234375e-01,-1.553469300270080566e+00,1.222802877426147461e+00
-3.308232724666595459e-01,-8.252514600753784180e-01,-1.210642457008361816e-01,5.736415386199951172e-01,-7.262498140335083008e-02,-5.242692306637763977e-02,6.917367577552795410e-01,-2.547436356544494629e-01,8.443711996078491211e-01,-2.228316068649291992e+00,-6.813686341047286987e-04,1.863217949867248535e-01,-2.590932250022888184e-01,-3.067038357257843018e-01,-3.843089342117309570e-01,-4.111913144588470459e-01,-5.263844132423400879e-01,-1.152724623680114746e+00,6.383585333824157715e-01,4.567850232124328613e-01,3.481556773185729980e-01,1.434268355369567871e-01,-5.108789727091789246e-02,-7.592809200286865234e-01,2.061713114380836487e-02,3.355430960655212402e-01,7.600654363632202148e-01,5.303028821945190430e-01,-1.909062564373016357e-01,1.812108039855957031e+00,4.470626413822174072e-01,-1.844865083694458008e-01
-1.808489322662353516e+00,-2.983089208602905273e+00,2.113885879516601562e+00,2.309107065200805664e+00,1.744966387748718262e+00,2.050326585769653320e+00,1.838678121566772461e+00,8.721102476119995117e-01,1.684152603149414062e+00,-1.039344072341918945e+00,-7.920267581939697266e-01,-5.734007954597473145e-01,1.487863421440124512e+00,1.739362955093383789e+00,-1.342571496963500977e+00,-3.768191039562225342e-01,-1.589439272880554199e+00,-3.237555027008056641e-01,1.743233680725097656e+00,2.633182108402252197e-01,-4.693639278411865234e-01,6.672753095626831055e-01,2.654690980911254883e+00,-1.880613088607788086e+00,-2.503569364547729492e+00,2.321162939071655273e+00,2.105824708938598633e+00,1.741665720939636230e+00,-1.305808424949645996e+00,1.957146227359771729e-01,-1.741320371627807617e+00,6.567690372467041016e-01
-8.797621726989746094e-01,-8.367736935615539551e-01,1.415657520294189453e+00,1.137408852577209473e+00,1.364275813102722168e+00,7.244780659675598145e-01,1.417942047119140625e-01,2.613357305526733398e-01,2.755652964115142822e-01,2.261641502380371094e+00,-1.044752836227416992e+00,2.960380911827087402e-01,1.026673436164855957e+00,1.242425560951232910e+00,-6.253622174263000488e-01,9.216932654380798340e-01,-3.225969374179840088e-01,1.551482200622558594e+00,4.646181166172027588e-01,-9.608513712882995605e-01,1.595071256160736084e-01,7.906902432441711426e-01,1.402447104454040527e+00,-3.563686311244964600e-01,-1.776279807090759277e+00,7.712066173553466797e-01,1.632445454597473145e-01,3.030326962471008301e-02,-1.310225963592529297e+00,-1.817609190940856934e+00,-1.387404799461364746e+00,7.539687752723693848e-01
-1.795544028282165527e+00,-1.406393885612487793e+00,2.902697086334228516e+00,1.281178116798400879e+00,1.536783337593078613e+00,1.226439952850341797e+00,6.374678015708923340e-01,-2.293731123208999634e-01,2.979613542556762695e+00,-1.561958789825439453e-01,-1.748397231101989746e+00,7.859247326850891113e-01,-6.860748678445816040e-02,1.412620425224304199e+00,-1.617337584495544434e+00,-1.183881998062133789e+00,-2.472719192504882812e+00,-1.511663556098937988e+00,2.730643272399902344e+00,9.981567263603210449e-01,-1.353096812963485718e-01,-3.952408432960510254e-01,3.302574396133422852e+00,-1.164392113685607910e+00,-1.810373544692993164e+00,3.335132837295532227e+00,1.668682336807250977e+00,2.239285707473754883e+00,-1.554439067840576172e+00,-6.015405058860778809e-03,-1.651562452316284180e+00,1.402275681495666504e+00
-1.722149133682250977e+00,-1.533093929290771484e+00,2.997431278228759766e+00,1.641818046569824219e+00,1.649810433387756348e+00,1.297282576560974121e+00,9.883870482444763184e-01,3.486708402633666992e-01,2.400131225585937500e+00,4.529016911983489990e-01,-1.673237323760986328e+00,5.924755930900573730e-01,3.121070861816406250e-01,1.961230158805847168e+00,-1.682459235191345215e+00,-3.763696551322937012e-01,-1.940575361251831055e+00,-3.852984011173248291e-01,2.092366218566894531e+00,3.583693206310272217e-01,-5.718599557876586914e-01,1.440252512693405151e-01,3.318373680114746094e+00,-1.016214251518249512e+00,-2.099030494689941406e+00,3.116465091705322266e+00,1.078174352645874023e+00,1.594921350479125977e+00,-1.499507308006286621e+00,-8.454262018203735352e-01,-1.745261907577514648e+00,1.223431587219238281e+00
-1.786349058151245117e+00,-2.975564002990722656e+00,2.045828342437744141e+00,2.300865888595581055e+00,1.724940299987792969e+00,2.050122022628784180e+00,1.850856542587280273e+00,9.433120489120483398e-01,1.572507858276367188e+00,-9.754097461700439453e-01,-7.052496671676635742e-01,-6.151422262191772461e-01,1.540202617645263672e+00,1.758688092231750488e+00,-1.273157358169555664e+00,-2.730849385261535645e-01,-1.469044446945190430e+00,-2.020403146743774414e-01,1.645895957946777344e+00,2.045579254627227783e-01,-4.985151886940002441e-01,7.390572428703308105e-01,2.581834316253662109e+00,-1.831965088844299316e+00,-2.486556768417358398e+00,2.197629213333129883e+00,2.022893667221069336e+00,1.647464156150817871e+00,-1.279074192047119141e+00,1.519042253494262695e-01,-1.707490682601928711e+00,6.248446106910705566e-01
-1.575959563255310059e+00,-2.572736263275146484e+00,1.771870970726013184e+00,2.116531610488891602e+00,1.661810636520385742e+00,1.757280707359313965e+00,1.582929491996765137e+00,1.145203828811645508e+00,1.085680365562438965e+00,-3.932200074195861816e-01,-5.046443343162536621e-01,-5.099475979804992676e-01,1.482599854469299316e+00,1.724225163459777832e+00,-9.298125505447387695e-01,2.737386524677276611e-01,-9.413598179817199707e-01,4.293297827243804932e-01,1.075901746749877930e+00,-7.706946879625320435e-02,-5.220745801925659180e-01,9.006410837173461914e-01,2.088469505310058594e+00,-1.419017553329467773e+00,-2.243304967880249023e+00,1.617094397544860840e+00,1.453029394149780273e+00,1.062739491462707520e+00,-1.163214921951293945e+00,-1.552428007125854492e-01,-1.522474050521850586e+00,5.045957565307617188e-01
-1.679911375045776367e+00,-1.518839240074157715e+00,2.846391916275024414e+00,1.522615075111389160e+00,1.523595929145812988e+00,1.209260344505310059e+00,9.186993241310119629e-01,2.595912814140319824e-01,2.415669202804565430e+00,2.032748162746429443e-01,-1.574187994003295898e+00,5.524309277534484863e-01,2.413694262504577637e-01,1.755510091781616211e+00,-1.618815183639526367e+00,-4.994226694107055664e-01,-1.970811367034912109e+00,-6.201971173286437988e-01,2.140854358673095703e+00,4.468159377574920654e-01,-5.539849996566772461e-01,8.595059812068939209e-02,3.205091238021850586e+00,-9.976925253868103027e-01,-1.918720126152038574e+00,3.053029298782348633e+00,1.168617010116577148e+00,1.655915617942810059e+00,-1.416457056999206543e+00,-5.716823339462280273e-01,-1.625267148017883301e+00,1.163168549537658691e+00
-1.822885870933532715e+00,-1.209869146347045898e+00,3.057030200958251953e+00,1.245626688003540039e+00,1.466104149818420410e+00,1.196100234985351562e+00,6.188411116600036621e-01,-3.264058232307434082e-01,3.018663406372070312e+00,1.769164800643920898e-01,-1.798639059066772461e+00,8.717378377914428711e-01,-1.192176491022109985e-01,1.467209577560424805e+00,-1.585935235023498535e+00,-1.117476105690002441e+00,-2.360628604888916016e+00,-1.455999970436096191e+00,2.748994827270507812e+00,9.882615804672241211e-01,-1.299633532762527466e-01,-3.802011609077453613e-01,3.373747825622558594e+00,-1.010669589042663574e+00,-1.847367882728576660e+00,3.311167716979980469e+00,1.473173499107360840e+00,2.240447759628295898e+00,-1.532036423683166504e+00,-2.199236750602722168e-01,-1.656821489334106445e+00,1.484681129455566406e+00
-8.554149866104125977e-01,-9.590638279914855957e-01,1.409899353981018066e+00,1.191866397857666016e+00,1.395107626914978027e+00,7.434575557708740234e-01,1.537922024726867676e-01,2.910585999488830566e-01,1.442023366689682007e-01,2.331146240234375000e+00,-1.054202437400817871e+00,2.303824871778488159e-01,1.143747210502624512e+00,1.226803302764892578e+00,-6.063302159309387207e-01,1.063856959342956543e+00,-3.021943867206573486e-01,1.666087508201599121e+00,4.470972120761871338e-01,-1.074934244155883789e+00,2.120313346385955811e-01,9.412146210670471191e-01,1.366555333137512207e+00,-3.428124487400054932e-01,-1.853012084960937500e+00,6.856845021247863770e-01,1.901633441448211670e-01,3.452416509389877319e-03,-1.333517432212829590e+00,-1.851234436035156250e+00,-1.462256073951721191e+00,6.843499541282653809e-01
-1.736699223518371582e+00,-1.140897274017333984e+00,2.972192525863647461e+00,1.148478627204895020e+00,1.412124276161193848e+00,1.121945023536682129e+00,5.558787584304809570e-01,-4.166356325149536133e-01,3.050176620483398438e+00,8.250072598457336426e-02,-1.806507468223571777e+00,9.150294661521911621e-01,-2.611945271492004395e-01,1.341485977172851562e+00,-1.581446290016174316e+00,-1.187415599822998047e+00,-2.381438493728637695e+00,-1.548908114433288574e+00,2.711950302124023438e+00,1.051587700843811035e+00,-3.860878944396972656e-02,-4.889391064643859863e-01,3.239672183990478516e+00,-1.034568548202514648e+00,-1.764555215835571289e+00,3.267866611480712891e+00,1.514917731285095215e+00,2.284484863281250000e+00,-1.505711078643798828e+00,-7.918457686901092529e-02,-1.576911091804504395e+00,1.426508426666259766e+00
