-9.690126776695251465e-02,1.675304621458053589e-01,-2.912478744983673096e-01,4.321517050266265869e-01,1.091757416725158691e-01,4.219659790396690369e-02,-3.240519762039184570e-01,4.503976181149482727e-02,4.268090128898620605e-01,2.145857214927673340e-01,-2.069904059171676636e-01,1.213062703609466553e-01,2.380811572074890137e-01,3.703422248363494873e-01,3.814875781536102295e-01,1.002426505088806152e+00,-7.249293923377990723e-01,1.192293614149093628e-01,7.574819922447204590e-01,1.400046497583389282e-01,-7.144802808761596680e-02,-5.803225636482238770e-01,3.283529877662658691e-01,-2.186415791511535645e-01,4.682334661483764648e-01,-2.007182091474533081e-01,-6.906949728727340698e-02,-4.399197548627853394e-02,-1.669206470251083374e-01,-2.038777470588684082e-01,3.634884953498840332e-02,-4.491950571537017822e-02
8.704926073551177979e-02,3.652503788471221924e-01,8.774600178003311157e-02,2.113946676254272461e-01,-3.205733001232147217e-01,-4.620043039321899414e-01,8.565645664930343628e-02,-3.640328347682952881e-01,-1.301787048578262329e-01,1.314978152513504028e-01,3.303267061710357666e-02,-2.225392162799835205e-01,7.677220702171325684e-01,5.439184308052062988e-01,-2.925972044467926025e-01,7.473163008689880371e-01,-3.153885006904602051e-01,8.692920207977294922e-02,7.557892799377441406e-02,-2.182136476039886475e-01,1.216809824109077454e-01,5.395574122667312622e-02,-3.242593705654144287e-01,2.099011838436126709e-01,3.469432890415191650e-01,-2.981878221035003662e-01,-2.050810754299163818e-01,4.498298466205596924e-01,-1.259630918502807617e+00,2.762325573712587357e-03,3.847270309925079346e-01,3.431072235107421875e-01
-2.588147222995758057e-01,5.521287024021148682e-02,-3.637595474720001221e-01,3.250462710857391357e-01,-8.524326980113983154e-02,1.780405938625335693e-01,-1.420492380857467651e-01,-3.854660391807556152e-01,5.470883846282958984e-01,2.995224297046661377e-01,-2.581306099891662598e-01,-1.596172153949737549e-02,6.409371495246887207e-01,3.332774937152862549e-01,5.120776891708374023e-01,9.885610342025756836e-01,-1.162363052368164062e+00,-1.780037283897399902e-01,6.877769231796264648e-01,-3.985828459262847900e-01,-4.757760763168334961e-01,-5.978266000747680664e-01,6.119729876518249512e-01,-5.662047490477561951e-02,5.727880597114562988e-01,-5.761659741401672363e-01,3.056257069110870361e-01,-5.437435582280158997e-02,-1.408523470163345337e-01,-4.423288404941558838e-01,-3.489173352718353271e-01,2.638171017169952393e-01
4.884111881256103516e-02,3.121313452720642090e-01,-9.526052325963973999e-02,-7.014253735542297363e-02,6.212171167135238647e-02,-5.925294756889343262e-02,-4.922546446323394775e-01,-7.332417368888854980e-01,3.688442111015319824e-01,-1.326555758714675903e-01,-5.727149844169616699e-01,-2.346201241016387939e-01,3.408573865890502930e-01,2.081734128296375275e-02,2.438534796237945557e-01,9.195057749748229980e-01,-2.678244709968566895e-01,-1.044364050030708313e-01,-1.059986092150211334e-02,-2.536783181130886078e-02,-4.343220889568328857e-01,-3.885432183742523193e-01,-2.223184108734130859e-01,4.194099307060241699e-01,6.123964190483093262e-01,-5.761277079582214355e-01,2.158636450767517090e-01,-2.716831266880035400e-01,2.827806472778320312e-01,-3.902584910392761230e-01,-6.540223360061645508e-01,3.713047504425048828e-01
2.609505951404571533e-01,2.122233957052230835e-01,6.879477761685848236e-03,2.399094402790069580e-01,1.191961914300918579e-01,-4.874757304787635803e-02,-4.166262447834014893e-01,-2.710518836975097656e-01,5.946813821792602539e-01,3.929918110370635986e-01,-3.990936875343322754e-01,-2.971905767917633057e-01,4.071967601776123047e-01,1.968336105346679688e-01,4.472349211573600769e-02,9.284901618957519531e-01,-7.428604364395141602e-01,1.471354365348815918e-01,1.630061715841293335e-01,-1.337358802556991577e-01,-4.033740460872650146e-01,-2.703215479850769043e-01,7.873527705669403076e-02,4.198983311653137207e-02,2.225840240716934204e-01,-2.833499610424041748e-01,2.795336581766605377e-02,-1.554389297962188721e-01,-2.436751574277877808e-01,-3.353163897991180420e-01,-2.511887848377227783e-01,4.036958515644073486e-01
-3.332138955593109131e-01,-4.036877769976854324e-03,3.080774545669555664e-01,-2.748312652111053467e-01,-1.996521353721618652e-01,-2.387408912181854248e-02,7.653485983610153198e-02,-4.798548817634582520e-01,1.663915812969207764e-01,1.917709708213806152e-01,3.541474640369415283e-01,-6.454746425151824951e-02,4.718925058841705322e-01,7.716854214668273926e-01,-6.609143614768981934e-01,-3.502531647682189941e-01,2.583930194377899170e-01,-1.581443399190902710e-01,-6.358370780944824219e-01,1.433101892471313477e-01,1.268616557121276855e+00,9.854054450988769531e-01,-4.109807014465332031e-01,2.384131848812103271e-01,4.163006246089935303e-01,1.036584898829460144e-01,-6.857807040214538574e-01,6.836937069892883301e-01,-6.684780716896057129e-01,-1.608518064022064209e-01,9.692978858947753906e-01,-3.428769409656524658e-01
-8.109261840581893921e-02,3.370531201362609863e-01,1.265168469399213791e-02,4.156412184238433838e-02,-1.053200587630271912e-01,-2.997623756527900696e-02,8.847163617610931396e-02,-3.313413262367248535e-01,3.483331799507141113e-01,-3.720074146986007690e-02,1.552707403898239136e-01,-2.409185320138931274e-01,3.190037310123443604e-01,2.921157777309417725e-01,-3.579190671443939209e-01,2.433097064495086670e-01,8.522285521030426025e-02,-3.714400157332420349e-02,-3.739721775054931641e-01,-5.079928040504455566e-02,5.357172489166259766e-01,2.660475969314575195e-01,-5.019806027412414551e-01,2.754130363464355469e-01,4.371733963489532471e-01,-1.358383446931838989e-01,-6.658192723989486694e-02,4.248459041118621826e-01,-5.580163598060607910e-01,1.081282049417495728e-01,6.916226148605346680e-01,7.487665116786956787e-02
-2.269758880138397217e-01,2.947600744664669037e-02,3.005333840847015381e-01,1.289107650518417358e-01,-2.342235893011093140e-01,-8.353026956319808960e-02,5.716149508953094482e-02,3.792490810155868530e-02,-4.858013987541198730e-02,-1.916674077510833740e-01,-9.270183742046356201e-02,-3.927895724773406982e-01,1.546546071767807007e-01,8.445511460304260254e-01,3.567957580089569092e-01,9.700623154640197754e-02,-9.039852768182754517e-02,-2.129627019166946411e-01,-4.957551956176757812e-01,-7.438347488641738892e-02,8.452603965997695923e-02,-1.373380273580551147e-01,-9.338130056858062744e-02,3.114556670188903809e-01,3.593082726001739502e-01,-8.432305604219436646e-02,-1.190399378538131714e-01,-2.700209319591522217e-01,-4.728782773017883301e-01,-1.730904430150985718e-01,3.652402758598327637e-01,-2.408159077167510986e-01
-2.865699529647827148e-01,1.888066530227661133e-01,-2.342814207077026367e-01,-7.046126723289489746e-01,-5.189951062202453613e-01,4.509155154228210449e-01,7.836433649063110352e-01,1.165836900472640991e-01,8.811727166175842285e-02,-2.489656955003738403e-01,-6.454920172691345215e-01,-4.846273958683013916e-01,2.895370423793792725e-01,-1.783396154642105103e-01,2.453710883855819702e-01,-6.470372527837753296e-02,-8.928442001342773438e-01,-1.210339814424514771e-01,-1.181442290544509888e-01,-3.707761764526367188e-01,-2.568442523479461670e-01,-7.562118768692016602e-01,7.141256928443908691e-01,5.311164855957031250e-01,9.054996371269226074e-01,-4.484136104583740234e-01,-3.916012346744537354e-01,-2.615658938884735107e-01,2.377123236656188965e-01,-6.015300750732421875e-01,-7.217688113451004028e-02,3.181552886962890625e-01
1.079931780695915222e-01,4.343694448471069336e-02,-2.546778917312622070e-01,1.788032352924346924e-01,2.170707136392593384e-01,-7.771613448858261108e-02,-2.280769497156143188e-01,-3.599508479237556458e-02,-4.352411255240440369e-03,-3.541688621044158936e-02,2.147940695285797119e-01,-2.305988669395446777e-01,3.128922879695892334e-01,8.517890423536300659e-02,1.368443965911865234e-01,7.906349301338195801e-01,2.745732367038726807e-01,1.027738973498344421e-01,-4.181524813175201416e-01,4.462587237358093262e-01,-1.654178649187088013e-02,6.846765428781509399e-02,-3.492746651172637939e-01,2.920878529548645020e-01,3.171609640121459961e-01,-3.419248759746551514e-02,-4.867660105228424072e-01,-1.391264647245407104e-01,-4.048929214477539062e-01,9.551256895065307617e-03,1.586796939373016357e-01,2.120392918586730957e-01
8.395066112279891968e-02,3.255865573883056641e-01,-1.579303108155727386e-02,3.075757026672363281e-01,-5.141869187355041504e-02,2.241556793451309204e-01,-6.150126457214355469e-01,-2.609969973564147949e-01,1.507908403873443604e-01,4.712687060236930847e-02,2.097638696432113647e-01,-1.573072224855422974e-01,4.665527939796447754e-01,3.820371031761169434e-01,3.231353126466274261e-03,7.000988125801086426e-01,1.439142227172851562e-01,-1.375587284564971924e-01,-6.375283598899841309e-01,5.241462588310241699e-01,2.020414024591445923e-01,7.585211396217346191e-01,-3.579510748386383057e-01,5.556052550673484802e-02,1.506475955247879028e-01,-3.686253726482391357e-01,-2.114388644695281982e-01,2.979663908481597900e-01,-5.825768709182739258e-01,-8.143506199121475220e-02,5.120266079902648926e-01,2.898573875427246094e-01
4.680600464344024658e-01,-7.484606653451919556e-02,2.628211677074432373e-01,-2.612734436988830566e-01,6.064746901392936707e-02,-3.868917822837829590e-01,9.272247552871704102e-03,2.846426963806152344e-01,1.104815900325775146e-01,-2.515636086463928223e-01,-1.907544285058975220e-01,2.285063862800598145e-01,-3.473300933837890625e-01,-2.904856204986572266e-01,-2.444171160459518433e-01,2.911686897277832031e-02,2.084454149007797241e-01,2.152662165462970734e-02,-5.116179585456848145e-01,-1.222370564937591553e-01,5.113419611006975174e-04,-2.098516970872879028e-01,-1.075838580727577209e-01,1.041104495525360107e-01,-9.656755626201629639e-02,-3.968135267496109009e-02,3.296202048659324646e-02,-2.089348584413528442e-01,3.232481181621551514e-01,-7.734529674053192139e-02,-7.302390411496162415e-03,2.313164323568344116e-01
2.830906212329864502e-01,2.775838971138000488e-01,1.115855574607849121e-01,8.638185858726501465e-01,-2.114426344633102417e-01,3.796461224555969238e-02,-8.635693788528442383e-02,-1.248299106955528259e-01,2.934661805629730225e-01,5.233009159564971924e-02,-2.679895162582397461e-01,-2.003751993179321289e-01,-2.807565964758396149e-03,-3.471636176109313965e-01,-1.581413000822067261e-01,6.499510407447814941e-01,9.129222482442855835e-03,3.981970548629760742e-01,-1.033894121646881104e-01,4.271072149276733398e-02,2.440007179975509644e-01,-5.705276131629943848e-01,-2.385488450527191162e-01,2.625510990619659424e-01,2.402546852827072144e-01,-9.400664567947387695e-01,1.824633777141571045e-01,-2.016623765230178833e-01,-4.604059159755706787e-01,2.563475258648395538e-02,-2.513319849967956543e-01,2.865459620952606201e-01
-1.439036130905151367e-01,2.215584218502044678e-01,3.561231195926666260e-01,1.462507061660289764e-02,-5.243276953697204590e-01,1.551338285207748413e-01,2.968849539756774902e-01,-9.137850254774093628e-02,4.391093254089355469e-01,-4.633535444736480713e-01,-2.667872607707977295e-01,-1.341602802276611328e-01,-8.305165916681289673e-02,-1.435807645320892334e-01,-3.182282149791717529e-01,1.565385013818740845e-01,1.298913508653640747e-01,4.075351357460021973e-02,-5.018050670623779297e-01,-3.073789477348327637e-01,-7.052403092384338379e-01,-5.235133171081542969e-01,-1.557886451482772827e-01,-2.389684915542602539e-01,3.513379395008087158e-01,-5.165578126907348633e-01,-2.756790816783905029e-01,-2.313980013132095337e-01,1.479800492525100708e-01,-1.071266457438468933e-01,-5.253262817859649658e-02,2.714310288429260254e-01
2.669171690940856934e-01,-1.265622526407241821e-01,-1.368212699890136719e-01,1.356504559516906738e-01,-3.946681041270494461e-03,1.077321320772171021e-01,-3.102126531302928925e-03,-3.074010610580444336e-01,3.282278776168823242e-01,-3.310766443610191345e-02,-5.190269947052001953e-01,-2.812661230564117432e-01,2.635278403759002686e-01,4.015534371137619019e-02,4.290506839752197266e-01,4.611506760120391846e-01,-4.756499528884887695e-01,-1.307460218667984009e-01,1.222144663333892822e-01,-9.078041464090347290e-02,-4.409050643444061279e-01,-7.726446390151977539e-01,5.315658450126647949e-01,1.571975350379943848e-01,5.497741699218750000e-01,-1.642267704010009766e-01,-1.601158529520034790e-01,-3.566807508468627930e-01,7.098152488470077515e-02,-4.089725911617279053e-01,-3.762582540512084961e-01,1.470202405471354723e-04
-2.328210324048995972e-02,1.931160688400268555e-02,2.367164492607116699e-01,2.135999053716659546e-01,-1.567776054143905640e-01,-8.956783264875411987e-02,-5.295980721712112427e-02,-2.574945986270904541e-01,2.256223708391189575e-01,-1.195060089230537415e-01,-3.597516715526580811e-01,5.811090767383575439e-02,-1.078131608664989471e-02,4.539697170257568359e-01,9.124311804771423340e-01,8.378826975822448730e-01,-1.100597143173217773e+00,-3.818591833114624023e-01,5.805863738059997559e-01,-4.851194918155670166e-01,-5.809727311134338379e-01,-9.834789633750915527e-01,7.269473075866699219e-01,2.936237454414367676e-01,4.399861991405487061e-01,-5.438346862792968750e-01,2.455690950155258179e-01,-5.736132860183715820e-01,2.728022038936614990e-01,-6.244861483573913574e-01,-3.081875741481781006e-01,4.987725913524627686e-01
-1.250362694263458252e-01,3.368895128369331360e-02,-4.289446398615837097e-02,2.263144031167030334e-02,-7.144686579704284668e-01,6.845738273113965988e-03,5.427671670913696289e-01,1.441102325916290283e-01,-1.690387576818466187e-01,-9.158662706613540649e-02,-3.135528266429901123e-01,-2.855215370655059814e-01,1.729523837566375732e-01,3.918050229549407959e-01,-2.541314363479614258e-01,-1.707595437765121460e-01,2.199787795543670654e-01,2.758297622203826904e-01,-6.310904026031494141e-01,-2.009456902742385864e-01,6.260292530059814453e-01,3.244166374206542969e-01,9.224448353052139282e-02,2.638276219367980957e-01,3.552046716213226318e-01,-4.511169493198394775e-01,-4.017763733863830566e-01,-2.349213361740112305e-01,-8.420045971870422363e-01,-3.069443702697753906e-01,6.621215343475341797e-01,-3.407010138034820557e-01
-2.230129763484001160e-02,-1.221357956528663635e-01,1.344254314899444580e-01,3.788726329803466797e-01,2.618419565260410309e-02,7.298466563224792480e-02,9.385833144187927246e-02,-1.258176267147064209e-01,-5.212496221065521240e-02,-9.241447597742080688e-02,-3.671206533908843994e-01,1.144389435648918152e-01,2.065994292497634888e-01,1.302952039986848831e-02,-1.565209217369556427e-02,1.943392753601074219e-01,-4.344826936721801758e-02,1.184226199984550476e-01,-1.658421754837036133e-01,-3.462862670421600342e-01,-6.107777953147888184e-01,-8.944227695465087891e-01,2.072702795267105103e-01,-7.664769142866134644e-02,3.493715450167655945e-02,-2.166308313608169556e-01,4.238076210021972656e-01,-3.638722598552703857e-01,-1.063871383666992188e-02,-2.394276410341262817e-01,-3.570124804973602295e-01,8.679004013538360596e-02
-2.621132433414459229e-01,1.085483841598033905e-02,-1.329884678125381470e-01,-1.245935335755348206e-01,-3.589401543140411377e-01,-1.244703382253646851e-01,-2.327941954135894775e-01,-5.030060932040214539e-02,4.294981062412261963e-02,1.111395657062530518e-01,-2.075096219778060913e-01,-6.297838687896728516e-02,6.342054009437561035e-01,2.499495595693588257e-01,3.526426553726196289e-01,1.078756451606750488e+00,-8.207302093505859375e-01,-6.361009180545806885e-02,3.173730075359344482e-01,-1.160736382007598877e-01,-6.181638240814208984e-01,-7.824128270149230957e-01,4.383420646190643311e-01,6.566775590181350708e-02,1.633131876587867737e-02,-3.278467953205108643e-01,1.112586110830307007e-01,-2.389880567789077759e-01,-2.240257561206817627e-01,-8.312429785728454590e-01,-3.483608663082122803e-01,3.110911846160888672e-01
-2.880779802799224854e-01,-9.547896683216094971e-02,8.640728145837783813e-02,2.343752235174179077e-01,-1.734277009963989258e-01,-3.665990829467773438e-01,1.006961166858673096e-01,-2.084025144577026367e-01,-1.112828403711318970e-01,-8.427879959344863892e-02,-1.052588820457458496e-01,-7.256717979907989502e-02,-1.062748953700065613e-01,1.794707179069519043e-01,-1.049155145883560181e-01,2.214413285255432129e-01,-6.528712064027786255e-02,-1.072218641638755798e-01,-3.151058256626129150e-01,-2.461188584566116333e-01,-1.347704092040657997e-04,-1.467600371688604355e-02,-5.125494599342346191e-01,3.131633698940277100e-01,3.050991594791412354e-01,-5.963429212570190430e-01,1.920146793127059937e-01,-3.524018228054046631e-01,-2.998029291629791260e-01,-1.053301617503166199e-01,1.477482318878173828e-01,3.926451802253723145e-01
1.315569505095481873e-02,2.354250103235244751e-01,5.035998672246932983e-02,1.918324530124664307e-01,-5.242932960391044617e-02,1.465084403753280640e-01,-6.728793978691101074e-01,-1.994762755930423737e-02,-3.639662638306617737e-02,-1.935472935438156128e-01,-4.692908227443695068e-01,-2.554955482482910156e-01,1.793787628412246704e-01,-2.191606611013412476e-01,-1.128323599696159363e-01,7.407429218292236328e-01,2.182290107011795044e-01,1.092201620340347290e-01,-5.953124165534973145e-01,3.033195137977600098e-01,-9.312089532613754272e-02,1.218248158693313599e-01,-5.026271939277648926e-01,4.404935836791992188e-01,4.793851375579833984e-01,-8.285180926322937012e-01,4.714588522911071777e-01,-1.903252154588699341e-01,1.618652939796447754e-01,-4.478874504566192627e-01,-1.756503432989120483e-01,7.592948675155639648e-01
-5.053161978721618652e-01,-1.592745929956436157e-01,1.175159513950347900e-01,3.427342474460601807e-01,-6.920055299997329712e-02,-4.228261858224868774e-02,-5.814190581440925598e-02,-4.490680098533630371e-01,3.153287768363952637e-01,8.692806959152221680e-02,-3.568349182605743408e-01,9.001121670007705688e-02,1.883319020271301270e-01,-6.910420209169387817e-02,-3.519453853368759155e-02,3.880957067012786865e-01,-4.455358386039733887e-01,-4.744188860058784485e-02,1.519807726144790649e-01,-3.534898459911346436e-01,-9.041684269905090332e-01,-1.050338864326477051e+00,-1.214190423488616943e-01,-3.380954563617706299e-01,5.689644813537597656e-01,-4.932232797145843506e-01,3.428126275539398193e-01,-1.943238079547882080e-01,3.718408644199371338e-01,-2.330505400896072388e-01,-7.026513218879699707e-01,4.249750673770904541e-01
-1.905121207237243652e-01,-2.591038346290588379e-01,2.666150331497192383e-01,3.254570662975311279e-01,-2.923103570938110352e-01,-1.682252883911132812e-01,-4.618544597178697586e-03,3.287308812141418457e-01,6.388258934020996094e-01,1.618945449590682983e-01,-4.150418937206268311e-01,2.298833876848220825e-01,-9.489262849092483521e-02,2.618108987808227539e-01,5.175379291176795959e-02,-1.816305369138717651e-01,-4.371438920497894287e-01,-2.254817187786102295e-01,-3.015303313732147217e-01,-1.457406878471374512e-01,-3.334252834320068359e-01,-3.750409781932830811e-01,8.928439021110534668e-02,-4.111516475677490234e-02,6.473199725151062012e-01,-4.371230900287628174e-01,1.011549830436706543e-01,-1.325753238052129745e-02,8.623284846544265747e-02,-1.752311587333679199e-01,2.069238275289535522e-01,2.950548231601715088e-01
-2.229358106851577759e-01,7.027138769626617432e-02,-1.247481554746627808e-01,-7.995495200157165527e-02,-3.966581523418426514e-01,-3.467609286308288574e-01,1.272447705268859863e-01,-4.209573939442634583e-02,-4.445072114467620850e-01,1.539786159992218018e-01,-1.895976252853870392e-02,1.091089323163032532e-01,5.701571106910705566e-01,1.071761012077331543e+00,-6.799018383026123047e-01,1.597778648138046265e-01,3.981141149997711182e-01,-1.062041148543357849e-02,-2.725428342819213867e-01,-2.996442914009094238e-01,7.752460241317749023e-01,1.117246508598327637e+00,-3.731346130371093750e-01,5.478757619857788086e-01,5.862504243850708008e-01,-1.108137145638465881e-01,-4.422350227832794189e-01,6.432972103357315063e-02,-1.033134460449218750e+00,-2.536513805389404297e-01,7.480102181434631348e-01,-4.288896918296813965e-01
6.556804180145263672e-01,4.315301775932312012e-02,9.790235012769699097e-02,2.014068514108657837e-01,3.443854749202728271e-01,-2.942508459091186523e-01,-2.524375915527343750e-01,-1.821886897087097168e-01,5.246422290802001953e-01,8.715488016605377197e-02,-8.310463279485702515e-02,-3.023428022861480713e-01,4.400401115417480469e-01,3.718401421792805195e-04,-2.406111806631088257e-01,2.351566255092620850e-01,-2.025249600410461426e-01,6.181745231151580811e-02,3.652707934379577637e-01,1.406585127115249634e-01,-7.826845347881317139e-02,4.022524878382682800e-02,6.482659839093685150e-03,3.881176114082336426e-01,6.116275787353515625e-01,-3.035728037357330322e-01,-8.917287923395633698e-03,-1.397365033626556396e-01,-4.151966050267219543e-02,-7.319188714027404785e-01,-6.707975268363952637e-01,2.921220362186431885e-01
-3.310825675725936890e-02,2.025199085474014282e-01,-2.443758696317672729e-01,2.642857730388641357e-01,-5.533864349126815796e-02,5.999842882156372070e-01,-7.984595000743865967e-02,-2.094756215810775757e-01,4.615538120269775391e-01,3.325234651565551758e-01,1.193633005023002625e-01,-7.669883966445922852e-01,3.884626924991607666e-01,3.265116512775421143e-01,-3.431468605995178223e-01,-2.056457251310348511e-01,4.078173935413360596e-01,1.206527128815650940e-01,-9.260358810424804688e-01,5.950968265533447266e-01,5.655347108840942383e-01,5.945371985435485840e-01,-3.811005949974060059e-01,-1.133050024509429932e-01,9.180511236190795898e-01,1.122725903987884521e-01,-1.056657433509826660e+00,6.009365320205688477e-01,-5.776169896125793457e-01,7.499928772449493408e-02,1.332362592220306396e-01,-2.122721821069717407e-01
-4.256160557270050049e-01,-5.701331496238708496e-01,3.544158935546875000e-01,9.184875525534152985e-03,-2.296209931373596191e-01,-1.816384121775627136e-02,-3.705419898033142090e-01,2.135267555713653564e-01,3.537560701370239258e-01,5.306799709796905518e-02,2.889770567417144775e-01,-5.177220702171325684e-02,1.491493582725524902e-01,-2.332773953676223755e-01,-8.642071485519409180e-01,-2.181413471698760986e-01,1.153429150581359863e+00,2.050155997276306152e-01,-8.047434091567993164e-01,-6.188257597386837006e-03,-7.765748500823974609e-01,4.790536314249038696e-02,-8.436728715896606445e-01,6.503097712993621826e-02,-5.191292166709899902e-01,-1.428983062505722046e-01,-3.785938620567321777e-01,1.648236513137817383e-01,-7.543118298053741455e-02,2.117297053337097168e-01,-3.092886209487915039e-01,6.606540679931640625e-01
-1.608252078294754028e-01,-2.990207374095916748e-01,2.060740143060684204e-01,1.181828603148460388e-01,-3.138442039489746094e-01,2.240747772157192230e-02,-4.447077214717864990e-01,-4.243924617767333984e-01,3.519756793975830078e-01,2.758412957191467285e-01,-3.845446109771728516e-01,-2.357065379619598389e-01,3.754676878452301025e-01,4.770400524139404297e-01,8.515545129776000977e-01,8.175612092018127441e-01,-9.124902486801147461e-01,-2.882403731346130371e-01,-1.712652668356895447e-02,-7.120814323425292969e-01,-1.011585712432861328e+00,-8.355090022087097168e-01,4.151754081249237061e-02,1.541732996702194214e-01,6.241533756256103516e-01,-6.854097247123718262e-01,2.533932030200958252e-01,-4.625069499015808105e-01,2.437898069620132446e-01,-4.410361945629119873e-01,-7.541333436965942383e-01,9.794051051139831543e-01
5.654264986515045166e-02,1.555804815143346786e-02,3.619881812483072281e-03,1.055002957582473755e-01,1.061474811285734177e-02,-1.068266201764345169e-02,-3.859091699123382568e-01,-1.567470282316207886e-01,5.699769258499145508e-01,1.399856358766555786e-01,-4.168972671031951904e-01,1.467851847410202026e-01,4.204317033290863037e-01,2.273870855569839478e-01,1.794801205396652222e-01,7.070088386535644531e-01,-3.595396578311920166e-01,-2.181858718395233154e-01,2.711890339851379395e-01,9.724899381399154663e-02,-3.156314790248870850e-01,-2.255958765745162964e-01,1.028785333037376404e-01,5.298946052789688110e-03,4.281817972660064697e-01,-6.246830821037292480e-01,2.797789126634597778e-02,-1.623291522264480591e-01,-3.077968023717403412e-02,-3.529092371463775635e-01,-1.716386526823043823e-01,3.318689167499542236e-01
-2.098848223686218262e-01,-3.143983427435159683e-03,3.874928653240203857e-01,2.338052093982696533e-01,-6.943786889314651489e-02,-1.055211052298545837e-01,6.724329292774200439e-02,4.302980005741119385e-02,5.479918122291564941e-01,-1.580332368612289429e-01,-7.224059700965881348e-01,1.289896070957183838e-01,-4.725754633545875549e-02,-7.818648964166641235e-02,1.223834138363599777e-02,3.735064864158630371e-01,-3.445052802562713623e-01,-7.969465851783752441e-02,-1.187124010175466537e-02,-3.051722347736358643e-01,-4.293421208858489990e-01,-7.039706707000732422e-01,1.290501505136489868e-01,1.063551232218742371e-01,3.946858644485473633e-01,-6.503841876983642578e-01,4.888892769813537598e-01,-3.228527903556823730e-01,2.444880008697509766e-01,-3.624177575111389160e-01,-3.643252849578857422e-01,3.371795415878295898e-01
-4.288140237331390381e-01,3.306489884853363037e-01,7.004599273204803467e-02,-2.197308093309402466e-02,-2.759156227111816406e-01,1.221719235181808472e-01,1.368316560983657837e-01,5.531820282340049744e-02,4.648362994194030762e-01,-8.925758302211761475e-03,-1.433620452880859375e-01,-9.703520685434341431e-02,9.443365037441253662e-02,3.110434114933013916e-01,-2.903370261192321777e-01,5.131107755005359650e-04,-2.274410426616668701e-01,1.404202133417129517e-01,-4.625806808471679688e-01,1.822031661868095398e-02,1.908096969127655029e-01,1.373026967048645020e-01,-4.505445808172225952e-02,3.515776619315147400e-02,1.811754852533340454e-01,-2.131672501564025879e-01,-3.676427006721496582e-01,-3.004820458590984344e-02,1.765949092805385590e-02,-1.779191642999649048e-01,3.742175400257110596e-01,-1.931533962488174438e-01
-9.465762227773666382e-02,4.102825820446014404e-01,1.990142166614532471e-01,1.097020432353019714e-01,-5.872583985328674316e-01,-2.033543139696121216e-01,1.894005686044692993e-01,-1.834832578897476196e-01,-2.849463559687137604e-02,-2.467798739671707153e-01,-3.092839717864990234e-01,-8.935756981372833252e-02,1.723131909966468811e-02,-1.769662350416183472e-01,-2.199916243553161621e-01,6.218184232711791992e-01,1.504425555467605591e-01,4.671418070793151855e-01,-1.526953727006912231e-01,-5.755402445793151855e-01,-2.777423858642578125e-01,-5.754277706146240234e-01,-8.374499529600143433e-02,3.898877799510955811e-01,-4.851806908845901489e-02,-8.464764952659606934e-01,8.301239460706710815e-02,-3.836762607097625732e-01,-1.545495074242353439e-02,-8.002565801143646240e-02,1.262767910957336426e-01,5.539287924766540527e-01
2.810352146625518799e-01,1.344434469938278198e-01,3.867174088954925537e-01,7.852965593338012695e-02,-8.743684738874435425e-02,-2.238812446594238281e-01,-1.465586870908737183e-01,-9.409440681338310242e-03,3.197202980518341064e-01,-2.398952394723892212e-01,-5.073052048683166504e-01,-2.721238508820533752e-02,1.141619160771369934e-01,3.014070391654968262e-01,3.924183249473571777e-01,5.799459218978881836e-01,-3.042864501476287842e-01,7.119706273078918457e-02,1.139325946569442749e-01,1.540854456834495068e-03,-5.059909820556640625e-01,-6.003168821334838867e-01,1.425400078296661377e-01,6.738333404064178467e-02,7.045786082744598389e-02,-5.928211212158203125e-01,-1.528955250978469849e-01,-5.411541461944580078e-01,-1.336927860975265503e-01,-8.137125521898269653e-02,-1.076127961277961731e-02,5.997980237007141113e-01
3.118932843208312988e-01,3.805547058582305908e-01,2.260149270296096802e-02,3.729636073112487793e-01,4.162709116935729980e-01,-2.187012881040573120e-01,-4.948291778564453125e-01,-6.420246362686157227e-01,4.690372645854949951e-01,7.004743069410324097e-02,-2.242090702056884766e-01,6.098975986242294312e-02,5.942656397819519043e-01,-2.384792864322662354e-01,-1.217321157455444336e-01,1.092017769813537598e+00,-3.095340132713317871e-01,1.626655608415603638e-01,6.279156208038330078e-01,4.724138602614402771e-02,-4.917360097169876099e-02,-1.128106936812400818e-01,-4.582584202289581299e-01,1.063346564769744873e-01,7.858257293701171875e-01,-7.930955290794372559e-01,3.269289806485176086e-02,-2.471440136432647705e-01,-1.617666333913803101e-01,-1.584368348121643066e-01,-2.970192134380340576e-01,2.438241243362426758e-01
4.332885518670082092e-02,1.814676076173782349e-01,2.934067845344543457e-01,-6.817604601383209229e-02,-1.827574670314788818e-01,-9.542596340179443359e-02,1.719184964895248413e-01,-1.198710799217224121e-01,8.024272322654724121e-02,-2.213564813137054443e-01,-4.248017668724060059e-01,4.077644273638725281e-02,1.016179472208023071e-01,2.089147567749023438e-01,7.648409344255924225e-03,2.951429188251495361e-01,-7.212609648704528809e-01,-2.395250201225280762e-01,1.072863936424255371e-01,-3.430026173591613770e-01,-4.523521065711975098e-01,-5.813058018684387207e-01,2.713602781295776367e-01,-1.078594848513603210e-02,5.577371120452880859e-01,-5.869660377502441406e-01,1.870191246271133423e-01,-1.645589321851730347e-01,-4.098881781101226807e-02,-1.488423645496368408e-01,-2.346648275852203369e-01,2.321495413780212402e-01
-3.447832763195037842e-01,-6.392999738454818726e-02,3.190675377845764160e-01,-4.859239235520362854e-02,-7.114783525466918945e-01,3.275375366210937500e-01,-3.817347437143325806e-02,2.121556699275970459e-01,-8.816002868115901947e-03,-1.141478344798088074e-01,-5.883176326751708984e-01,-2.544952929019927979e-01,7.518936693668365479e-02,2.434273511171340942e-01,4.014189355075359344e-03,1.794206351041793823e-02,-2.233646214008331299e-01,1.264013350009918213e-01,-1.103079319000244141e+00,-3.538576662540435791e-01,-1.133658289909362793e-01,-2.386174052953720093e-01,1.372279506176710129e-02,-7.508406788110733032e-02,4.775379300117492676e-01,-8.011968135833740234e-01,-2.710519731044769287e-01,-2.207251787185668945e-01,-4.105657637119293213e-01,-4.203772544860839844e-01,4.902860820293426514e-01,5.042378902435302734e-01
1.040287390351295471e-01,1.927568763494491577e-01,-9.546036273241043091e-02,-3.856316208839416504e-01,-2.114017456769943237e-01,5.304907262325286865e-02,1.365756154060363770e+00,-9.854358434677124023e-02,4.627244770526885986e-01,-1.285474449396133423e-01,-7.009301185607910156e-01,-7.759508490562438965e-02,2.216449528932571411e-01,-4.536393880844116211e-01,8.346115797758102417e-02,-3.778818845748901367e-01,-1.206927895545959473e+00,-3.687360584735870361e-01,7.877670526504516602e-01,-7.269644737243652344e-01,-2.616421580314636230e-01,-8.794683814048767090e-01,1.130516886711120605e+00,3.565709590911865234e-01,9.465730190277099609e-01,-5.907288789749145508e-01,2.932229638099670410e-01,-1.993870437145233154e-01,1.116657853126525879e-01,-4.376012086868286133e-01,-3.823254704475402832e-01,-5.946936011314392090e-01
-2.980386838316917419e-02,8.616746962070465088e-02,-1.921135634183883667e-01,2.446303814649581909e-01,-1.160171329975128174e-01,-4.646983444690704346e-01,6.778267771005630493e-02,-4.881497025489807129e-01,2.841193079948425293e-01,-1.160643249750137329e-01,-1.609041988849639893e-01,2.014850676059722900e-01,5.156445503234863281e-01,4.892260432243347168e-01,-2.780085802078247070e-01,7.680616974830627441e-01,-2.905087471008300781e-01,-1.113682910799980164e-01,4.891349375247955322e-01,-5.778122544288635254e-01,-1.013587117195129395e-01,-1.925176195800304413e-02,-2.587324976921081543e-01,2.357233017683029175e-01,4.806854724884033203e-01,-3.201172649860382080e-01,4.341889917850494385e-01,-1.977062523365020752e-01,-1.013683453202247620e-01,-2.972086668014526367e-01,-5.163558125495910645e-01,-8.887765556573867798e-02
-8.962502330541610718e-02,2.127612829208374023e-01,1.458124537020921707e-02,2.315338887274265289e-02,-5.472564697265625000e-01,6.932071596384048462e-02,-2.430355548858642578e-01,-5.767910182476043701e-02,3.029358685016632080e-01,-2.556589432060718536e-02,-4.586139023303985596e-01,-1.689238250255584717e-01,1.241340711712837219e-01,8.865462988615036011e-02,1.454504020512104034e-02,4.832751154899597168e-01,-3.204292953014373779e-01,8.653869479894638062e-02,-3.655819296836853027e-01,-6.950227916240692139e-02,-2.600116729736328125e-01,-6.701791882514953613e-01,1.267219632863998413e-01,1.158376107923686504e-03,3.875210583209991455e-01,-5.267434120178222656e-01,-1.947899609804153442e-01,2.922800779342651367e-01,-2.508327364921569824e-01,-2.212244868278503418e-01,4.422816261649131775e-02,4.951450526714324951e-01
1.626418381929397583e-01,2.512677311897277832e-01,1.309455335140228271e-01,2.726922631263732910e-01,-4.452680051326751709e-01,-2.954646646976470947e-01,-2.975525856018066406e-01,2.030616104602813721e-01,6.646211445331573486e-02,-2.353555150330066681e-02,-1.680751293897628784e-01,6.574364006519317627e-02,-1.063071563839912415e-02,-7.398589700460433960e-02,-1.427442580461502075e-01,7.151568531990051270e-01,2.207904160022735596e-01,3.671915233135223389e-01,-1.188577935099601746e-01,4.550173506140708923e-02,-2.521761059761047363e-01,-3.718658685684204102e-01,-4.525983631610870361e-01,-4.155804403126239777e-03,2.967199087142944336e-01,-8.051540851593017578e-01,-1.939370334148406982e-01,-3.762197792530059814e-01,9.743287414312362671e-02,-1.662390381097793579e-01,-2.400475889444351196e-01,7.198461294174194336e-01
5.014532431960105896e-02,-2.644354291260242462e-02,4.116296395659446716e-02,2.920795083045959473e-01,7.861491292715072632e-03,-7.158229593187570572e-03,-5.669868588447570801e-01,-2.803106233477592468e-02,3.815475106239318848e-02,5.638720840215682983e-02,-2.306126616895198822e-02,1.180784031748771667e-02,3.382095396518707275e-01,2.076759785413742065e-01,4.039472043514251709e-01,1.081604838371276855e+00,-5.297906398773193359e-01,-1.055597364902496338e-01,2.023887634277343750e-01,-2.544100582599639893e-01,-5.443318486213684082e-01,-8.069921135902404785e-01,1.372523903846740723e-01,7.383058220148086548e-02,4.387238025665283203e-01,-4.905161857604980469e-01,1.607910394668579102e-01,-3.558619320392608643e-01,-8.622823655605316162e-02,-5.848364830017089844e-01,-1.955018937587738037e-01,7.936478853225708008e-01
1.648590341210365295e-02,4.798056092113256454e-03,6.305836141109466553e-02,5.671126842498779297e-01,-1.568099707365036011e-01,-1.245868727564811707e-01,5.654397606849670410e-02,-5.448920130729675293e-01,2.627110183238983154e-01,5.367095582187175751e-04,-2.103219926357269287e-01,-1.426599919795989990e-01,3.531242907047271729e-01,9.949766099452972412e-02,-5.618194490671157837e-02,5.866396427154541016e-01,-2.210711985826492310e-01,-1.965720504522323608e-01,2.856869399547576904e-01,6.347075849771499634e-02,-1.708766072988510132e-01,-4.670850336551666260e-01,-1.579130440950393677e-01,9.592712670564651489e-02,5.218440890312194824e-01,-3.565477728843688965e-01,5.634697899222373962e-02,-1.334649920463562012e-01,-3.406705856323242188e-01,-3.784749209880828857e-01,-1.594731211662292480e-01,4.586595669388771057e-02
-3.113171458244323730e-01,1.350176185369491577e-01,1.516807377338409424e-01,6.503020972013473511e-02,-1.295602321624755859e-01,-1.245373040437698364e-01,1.384387910366058350e-01,-3.403627276420593262e-01,2.634574472904205322e-01,-2.713850513100624084e-02,1.938752830028533936e-01,-5.517363548278808594e-02,2.428823113441467285e-01,5.463054776191711426e-01,-1.725920438766479492e-01,-3.877740353345870972e-02,-1.116206347942352295e-01,-1.229265704751014709e-01,-1.712912768125534058e-01,-2.912654876708984375e-01,1.120775789022445679e-01,2.062162458896636963e-01,-3.615288138389587402e-01,2.431931644678115845e-01,6.370097864419221878e-03,-1.045610755681991577e-01,4.060966968536376953e-01,2.717432975769042969e-01,-1.645076870918273926e-01,-2.972800284624099731e-02,3.772130906581878662e-01,1.989737302064895630e-01
3.489380776882171631e-01,-1.717995703220367432e-01,1.342925429344177246e-01,1.208904609084129333e-01,2.271451056003570557e-01,9.980581700801849365e-02,-5.139634609222412109e-01,-2.836846709251403809e-01,2.958610355854034424e-01,5.664933472871780396e-02,-1.934310197830200195e-01,-2.265789955854415894e-01,3.632653355598449707e-01,-1.357165724039077759e-01,4.220711439847946167e-02,6.676576733589172363e-01,-4.823908507823944092e-01,1.493411371484398842e-03,-2.890003621578216553e-01,-3.154878914356231689e-01,-5.177884101867675781e-01,-4.151958227157592773e-01,1.098718494176864624e-01,-8.769996464252471924e-02,2.295730113983154297e-01,-6.466554999351501465e-01,4.421228468418121338e-01,-3.926452100276947021e-01,-1.967032402753829956e-01,-6.327202916145324707e-01,-3.214908242225646973e-01,8.574732542037963867e-01
3.774898126721382141e-02,-6.649894267320632935e-02,3.623103797435760498e-01,2.603381872177124023e-01,-1.080579832196235657e-01,2.046100199222564697e-01,-3.064321875572204590e-01,1.534162163734436035e-01,-1.484429091215133667e-01,2.492372095584869385e-01,-2.674874067306518555e-01,-9.664703160524368286e-02,4.192586541175842285e-01,2.492835372686386108e-01,-2.286667078733444214e-01,3.254233300685882568e-01,-2.610393166542053223e-01,-2.717808485031127930e-01,-3.278910219669342041e-01,-3.815694749355316162e-01,3.467564582824707031e-01,2.571361064910888672e-01,-3.497014343738555908e-01,6.399461627006530762e-02,6.433705687522888184e-01,-6.596977114677429199e-01,-2.795607782900333405e-02,-1.363717019557952881e-02,-9.706972241401672363e-01,-4.028168916702270508e-01,-1.016201004385948181e-01,3.728113770484924316e-01
-1.623683869838714600e-01,-4.064224660396575928e-01,3.594733402132987976e-02,5.993399620056152344e-01,1.969908624887466431e-01,-5.651035532355308533e-02,-2.164915204048156738e-01,3.751398250460624695e-02,-1.715772412717342377e-02,1.805157065391540527e-01,1.526595503091812134e-01,2.052237987518310547e-01,2.823782861232757568e-01,1.610344499349594116e-01,-9.382635354995727539e-02,7.813398241996765137e-01,-3.528499901294708252e-01,-9.576273709535598755e-02,2.122444361448287964e-01,-1.021898686885833740e-01,-8.260123729705810547e-01,-6.793851256370544434e-01,2.152157388627529144e-02,-3.615115880966186523e-01,4.502217471599578857e-01,-3.307673931121826172e-01,2.669799923896789551e-01,-3.292220532894134521e-01,-3.486932814121246338e-01,2.126796692609786987e-01,-2.736313343048095703e-01,4.413961768150329590e-01
-9.690126776695251465e-02,1.675304621458053589e-01,-2.912478744983673096e-01,4.321517050266265869e-01,1.091757416725158691e-01,4.219659790396690369e-02,-3.240519762039184570e-01,4.503976181149482727e-02,4.268090128898620605e-01,2.145857214927673340e-01,-2.069904059171676636e-01,1.213062703609466553e-01,2.380811572074890137e-01,3.703422248363494873e-01,3.814875781536102295e-01,1.002426505088806152e+00,-7.249293923377990723e-01,1.192293614149093628e-01,7.574819922447204590e-01,1.400046497583389282e-01,-7.144802808761596680e-02,-5.803225636482238770e-01,3.283529877662658691e-01,-2.186415791511535645e-01,4.682334661483764648e-01,-2.007182091474533081e-01,-6.906949728727340698e-02,-4.399197548627853394e-02,-1.669206470251083374e-01,-2.038777470588684082e-01,3.634884953498840332e-02,-4.491950571537017822e-02
4.114919602870941162e-01,-1.172618642449378967e-01,8.815554901957511902e-03,-1.508223414421081543e-01,8.075781166553497314e-02,-3.169402480125427246e-01,-3.990517258644104004e-01,-2.496018111705780029e-01,2.749792039394378662e-01,-1.588670462369918823e-01,2.155576348304748535e-01,8.340973407030105591e-02,5.132169127464294434e-01,4.829962253570556641e-01,-1.360061317682266235e-01,3.011581301689147949e-01,2.834489345550537109e-01,6.116620264947414398e-03,-4.026424884796142578e-01,7.639006376266479492e-01,7.750273346900939941e-01,8.724613189697265625e-01,-3.851632177829742432e-01,3.738649189472198486e-01,3.408802747726440430e-01,1.097214296460151672e-01,-4.417490959167480469e-01,7.765149325132369995e-02,-4.827975630760192871e-01,-1.252628713846206665e-01,5.565934777259826660e-01,-3.134293258190155029e-01
-2.792625427246093750e-01,-7.243520021438598633e-02,2.063224911689758301e-01,3.107130527496337891e-01,-1.798485517501831055e-01,1.304024457931518555e-01,-1.616592109203338623e-01,-1.379395574331283569e-01,2.040564417839050293e-01,-8.987491577863693237e-02,-6.431044936180114746e-01,-1.505018025636672974e-01,1.341388374567031860e-01,8.654043078422546387e-02,-1.662471741437911987e-01,1.289532035589218140e-01,-1.136340759694576263e-02,3.279039869084954262e-03,-5.014993548393249512e-01,1.442631781101226807e-01,-6.709296256303787231e-03,-4.633795097470283508e-02,-4.246979951858520508e-02,2.766750752925872803e-01,5.206766128540039062e-01,-6.375281810760498047e-01,-4.314352199435234070e-02,-3.464382290840148926e-01,7.393037527799606323e-02,-6.447181105613708496e-01,-2.218287438154220581e-02,6.816340982913970947e-02
8.395066112279891968e-02,3.255865573883056641e-01,-1.579303108155727386e-02,3.075757026672363281e-01,-5.141869187355041504e-02,2.241556793451309204e-01,-6.150126457214355469e-01,-2.609969973564147949e-01,1.507908403873443604e-01,4.712687060236930847e-02,2.097638696432113647e-01,-1.573072224855422974e-01,4.665527939796447754e-01,3.820371031761169434e-01,3.231353126466274261e-03,7.000988125801086426e-01,1.439142227172851562e-01,-1.375587284564971924e-01,-6.375283598899841309e-01,5.241462588310241699e-01,2.020414024591445923e-01,7.585211396217346191e-01,-3.579510748386383057e-01,5.556052550673484802e-02,1.506475955247879028e-01,-3.686253726482391357e-01,-2.114388644695281982e-01,2.979663908481597900e-01,-5.825768709182739258e-01,-8.143506199121475220e-02,5.120266079902648926e-01,2.898573875427246094e-01
1.545578390359878540e-01,2.618138492107391357e-01,2.051335871219635010e-01,2.062653191387653351e-02,-8.507733233273029327e-03,2.524821832776069641e-02,-1.258275061845779419e-01,-1.177399456501007080e-01,-1.745062023401260376e-01,-3.726731836795806885e-01,-3.738688230514526367e-01,-2.787656188011169434e-01,1.998072117567062378e-01,-4.378297328948974609e-01,-3.877585828304290771e-01,6.734972596168518066e-01,2.373722642660140991e-01,3.006105124950408936e-01,-4.028807580471038818e-01,-1.518329679965972900e-01,-3.334890305995941162e-01,-2.897355258464813232e-01,-3.225968480110168457e-01,-1.241845041513442993e-01,4.657712876796722412e-01,-9.784040451049804688e-01,-1.979830712080001831e-01,-4.053995013236999512e-01,5.960591882467269897e-02,-3.314993381500244141e-01,-4.685066938400268555e-01,7.726714611053466797e-01
4.089271649718284607e-03,1.229465827345848083e-01,6.173098087310791016e-02,4.602275490760803223e-01,-1.281325588934123516e-03,2.174382358789443970e-01,-3.352903425693511963e-01,-6.570401191711425781e-01,1.414159238338470459e-01,-2.609234489500522614e-02,-3.388805389404296875e-01,-8.621130883693695068e-02,5.492541790008544922e-01,1.795770823955535889e-01,1.194578409194946289e-01,7.532953619956970215e-01,-1.443230211734771729e-01,-2.663241922855377197e-01,1.096405610442161560e-01,1.955033540725708008e-01,-1.313982307910919189e-01,-3.906993865966796875e-01,-1.687225848436355591e-01,7.447000592947006226e-02,8.957870602607727051e-01,-3.296490609645843506e-01,1.563708931207656860e-01,-1.535357534885406494e-01,-6.770787388086318970e-02,-6.400728225708007812e-01,-3.621686697006225586e-01,1.205925494432449341e-01
-2.162486016750335693e-01,-2.596391178667545319e-02,1.630350053310394287e-01,2.826752960681915283e-01,-8.612965792417526245e-02,2.525110542774200439e-01,-3.562172949314117432e-01,2.541222870349884033e-01,1.219318956136703491e-01,1.452664732933044434e-01,1.754974275827407837e-01,-4.298725724220275879e-02,-1.310206204652786255e-01,-3.819659054279327393e-01,2.791949734091758728e-02,2.853587269783020020e-01,5.123726725578308105e-01,1.231799274682998657e-01,-8.313001990318298340e-01,3.844339847564697266e-01,-4.708608388900756836e-01,-3.932712376117706299e-01,-1.313817352056503296e-01,-2.103372067213058472e-01,1.722020208835601807e-01,-6.557406187057495117e-01,-3.279974460601806641e-01,-7.623562961816787720e-02,1.619747728109359741e-01,1.226849481463432312e-01,5.021257698535919189e-02,1.670384556055068970e-01
3.547666594386100769e-02,8.251859247684478760e-02,1.899214386940002441e-01,6.347219347953796387e-01,3.540329635143280029e-01,-4.602065086364746094e-01,-1.016595140099525452e-01,-3.822398781776428223e-01,-9.590554237365722656e-02,1.637643724679946899e-01,-4.743062891066074371e-03,-2.597031593322753906e-01,-1.984552443027496338e-01,2.794360518455505371e-01,-6.711983084678649902e-01,2.203330993652343750e-01,2.076448798179626465e-01,2.384934127330780029e-01,-6.528234481811523438e-02,-1.474651545286178589e-01,-5.108175054192543030e-02,3.128429949283599854e-01,-6.946144700050354004e-01,2.714661955833435059e-01,3.630012571811676025e-01,-4.185130000114440918e-01,-3.308410048484802246e-01,-4.028323590755462646e-01,1.057758554816246033e-01,2.799197733402252197e-01,-3.714521229267120361e-01,6.255478858947753906e-01
4.333764314651489258e-02,1.761566251516342163e-01,1.502829045057296753e-01,4.106895923614501953e-01,1.364444345235824585e-01,3.154776990413665771e-01,-2.776475548744201660e-01,-2.973036766052246094e-01,3.395158052444458008e-01,1.621906310319900513e-01,-2.507372796535491943e-01,-2.468127012252807617e-01,1.567447632551193237e-01,-3.288721293210983276e-02,-1.867878586053848267e-01,3.582074344158172607e-01,-4.684890806674957275e-02,2.017663866281509399e-01,-1.889096796512603760e-01,2.549166977405548096e-01,1.710291951894760132e-01,-3.356353640556335449e-01,-2.626314461231231689e-01,-6.060707941651344299e-02,8.438110947608947754e-01,-5.979449152946472168e-01,-5.115504860877990723e-01,-6.234784796833992004e-02,-6.617610156536102295e-02,3.480145707726478577e-02,-1.207963749766349792e-01,4.161036014556884766e-01
-4.131123051047325134e-02,1.140356063842773438e-01,2.814651727676391602e-01,3.985753282904624939e-03,-7.613983154296875000e-01,-9.128193557262420654e-02,3.924159109592437744e-01,2.325569540262222290e-01,5.148119330406188965e-01,-4.326134622097015381e-01,-2.665020525455474854e-01,-3.870882689952850342e-01,-1.953202635049819946e-01,1.719407886266708374e-01,-7.535466551780700684e-02,-1.016986966133117676e-01,2.848995625972747803e-01,1.196973249316215515e-01,-7.540842294692993164e-01,9.136024862527847290e-02,2.892732024192810059e-01,9.588904678821563721e-02,-2.492383718490600586e-01,5.723399668931961060e-02,4.632630646228790283e-01,-4.577677547931671143e-01,-6.348685026168823242e-01,-9.322535246610641479e-02,-3.221724629402160645e-01,-2.609230950474739075e-02,9.986543655395507812e-01,-3.175831735134124756e-01
2.989616431295871735e-02,1.842827945947647095e-01,3.048818707466125488e-01,8.919702470302581787e-02,-5.459267497062683105e-01,-1.479738801717758179e-01,4.379500746726989746e-01,1.023574694991111755e-01,4.891267120838165283e-01,-2.346041984856128693e-02,-1.531169712543487549e-01,-3.491927981376647949e-01,-7.668788731098175049e-02,9.492084383964538574e-02,-4.933494031429290771e-01,-1.688512712717056274e-01,9.551077336072921753e-02,-2.147397249937057495e-01,-8.235754966735839844e-01,6.578562315553426743e-03,2.318205535411834717e-01,4.915055632591247559e-01,-5.361346006393432617e-01,5.243743062019348145e-01,8.134889006614685059e-01,-3.717127740383148193e-01,-3.396745026111602783e-01,1.411239802837371826e-01,-2.716175913810729980e-01,3.479842096567153931e-02,2.381705492734909058e-01,3.282430768013000488e-01
-1.093838289380073547e-01,-8.261635899543762207e-02,4.702923893928527832e-01,-1.537819579243659973e-02,-1.834256649017333984e-01,1.409929841756820679e-01,-1.457334607839584351e-01,-1.058012023568153381e-01,-4.867656528949737549e-01,-2.148079723119735718e-01,2.369173318147659302e-01,-5.151052493602037430e-03,9.167347103357315063e-02,1.981863975524902344e-01,7.503107935190200806e-02,5.407029986381530762e-01,1.763037741184234619e-01,2.377065420150756836e-01,-7.304971814155578613e-01,-6.181821227073669434e-02,1.845002472400665283e-01,1.535449363291263580e-02,-2.973706424236297607e-01,-4.323472455143928528e-02,-2.418228983879089355e-01,-1.427470445632934570e-01,-1.220159456133842468e-01,-4.353855848312377930e-01,-4.876826107501983643e-01,-1.921074092388153076e-01,3.034869134426116943e-01,7.341872453689575195e-01
-2.257993966341018677e-01,1.938842386007308960e-01,6.217190027236938477e-01,1.842607408761978149e-01,-1.852085441350936890e-01,3.087385296821594238e-01,3.394974395632743835e-02,-1.632766127586364746e-01,4.135786890983581543e-01,-8.216015249490737915e-02,-2.314904332160949707e-01,5.427975952625274658e-02,7.700015604496002197e-02,-1.150419041514396667e-01,-4.854007363319396973e-01,-4.779741913080215454e-02,2.986154556274414062e-01,2.265378385782241821e-01,-5.884733796119689941e-01,2.749624662101268768e-02,1.730689853429794312e-01,1.354565918445587158e-01,-4.128028750419616699e-01,-2.260970771312713623e-01,-2.337370067834854126e-01,-6.192649006843566895e-01,-2.424172461032867432e-01,-1.368847638368606567e-01,-4.289207458496093750e-01,-5.790399387478828430e-02,2.938012778759002686e-01,3.632127493619918823e-02
-4.674971997737884521e-01,5.155948400497436523e-01,-5.591813325881958008e-01,9.189207851886749268e-02,-8.730517625808715820e-01,5.049753785133361816e-01,1.023474186658859253e-01,-7.872606813907623291e-02,-1.403634995222091675e-01,3.716511130332946777e-01,-2.312220931053161621e-01,-4.873213768005371094e-01,5.917465090751647949e-01,4.365875720977783203e-01,-2.548087835311889648e-01,4.615055024623870850e-01,2.381805628538131714e-01,-3.592639565467834473e-01,-1.018751263618469238e+00,1.563149839639663696e-01,8.600352406501770020e-01,4.245387315750122070e-01,-4.722258746623992920e-01,8.406776189804077148e-01,6.392705440521240234e-01,1.190035790205001831e-01,-8.695808053016662598e-01,7.339002490043640137e-01,-7.409712076187133789e-01,-2.370518296957015991e-01,5.034818053245544434e-01,-1.605966538190841675e-01
-3.672946393489837646e-01,3.157234191894531250e-01,2.596082687377929688e-01,-1.076076179742813110e-01,-4.834268689155578613e-01,-2.557810842990875244e-01,2.445244342088699341e-01,-7.380630820989608765e-02,4.978401213884353638e-02,-3.473544716835021973e-01,-1.298664510250091553e-01,-2.477704584598541260e-01,2.304479926824569702e-01,6.551347374916076660e-01,-4.183196425437927246e-01,1.540984120219945908e-02,3.732309043407440186e-01,8.345937728881835938e-02,-7.277414798736572266e-01,8.087345957756042480e-02,5.755252242088317871e-01,8.377001881599426270e-01,-2.598124742507934570e-01,3.231898546218872070e-01,5.574551820755004883e-01,-4.863114058971405029e-01,-5.120444893836975098e-01,1.716920882463455200e-01,-5.382495522499084473e-01,-1.558519750833511353e-01,4.881567358970642090e-01,-2.607768177986145020e-01
-4.098802208900451660e-01,9.803903102874755859e-02,-1.445388346910476685e-01,2.752605676651000977e-01,-1.212250906974077225e-02,2.512528896331787109e-01,-2.275696098804473877e-01,-4.588333070278167725e-01,4.171501696109771729e-01,2.445863932371139526e-01,-1.222557425498962402e-01,-2.270392328500747681e-01,6.624748706817626953e-01,4.655882120132446289e-01,3.392702639102935791e-01,7.083473801612854004e-01,-5.459954142570495605e-01,5.350363999605178833e-02,-1.638845354318618774e-01,-5.392506122589111328e-01,-3.894093036651611328e-01,-3.374442756175994873e-01,2.277987003326416016e-01,3.643448650836944580e-02,3.992246985435485840e-01,-3.166425824165344238e-01,1.804489642381668091e-01,1.931638270616531372e-01,-7.628731429576873779e-02,-3.195566236972808838e-01,-3.110244572162628174e-01,6.144931316375732422e-01
6.123377382755279541e-02,1.728959530591964722e-01,2.873890101909637451e-01,1.503448188304901123e-01,-1.451913863420486450e-01,-2.539093978703022003e-02,-1.376706510782241821e-01,-7.261113077402114868e-02,2.974819839000701904e-01,-2.380800843238830566e-01,1.545404046773910522e-01,-7.653091102838516235e-02,1.934103816747665405e-01,-1.291142683476209641e-02,-4.796380996704101562e-01,1.866576671600341797e-01,3.076508641242980957e-01,-9.355942159891128540e-02,-5.508754849433898926e-01,1.183252185583114624e-01,-1.318207681179046631e-01,6.266330182552337646e-02,-4.916883111000061035e-01,1.004606019705533981e-02,1.822874099016189575e-01,-3.402062356472015381e-01,-1.354953348636627197e-01,1.940312236547470093e-02,-1.478847265243530273e-01,1.396512705832719803e-02,1.484731286764144897e-01,3.418118357658386230e-01
-3.110863566398620605e-01,2.841524779796600342e-01,8.620689064264297485e-02,3.872557729482650757e-02,-1.760738044977188110e-01,-4.023742303252220154e-02,5.303405523300170898e-01,-2.021599411964416504e-01,5.450169444084167480e-01,-1.842155158519744873e-01,-3.144397735595703125e-01,-2.404289087280631065e-03,2.980910241603851318e-01,-7.480279356241226196e-02,-5.003246292471885681e-02,1.483260393142700195e-01,-7.951884269714355469e-01,-1.375712603330612183e-01,1.088611125946044922e+00,-5.327783823013305664e-01,-8.974549174308776855e-01,-1.050679206848144531e+00,7.822475433349609375e-01,2.869681715965270996e-01,1.598998457193374634e-01,-5.157387256622314453e-01,6.410459280014038086e-01,-3.222976326942443848e-01,3.100956678390502930e-01,-5.880681872367858887e-01,-7.443695664405822754e-01,-4.994885250926017761e-02
1.403618752956390381e-01,1.723996102809906006e-01,2.534861266613006592e-01,-1.304057836532592773e-01,-7.720139622688293457e-02,2.025246322154998779e-01,-4.980807006359100342e-01,-2.315953932702541351e-02,2.049749791622161865e-01,1.504776328802108765e-01,-1.502741873264312744e-01,-2.194128632545471191e-01,5.219459533691406250e-01,8.982060849666595459e-02,-2.517748475074768066e-01,5.269216299057006836e-01,-2.399840354919433594e-01,1.429275572299957275e-01,-2.213536947965621948e-01,-2.475313097238540649e-01,-4.031058847904205322e-01,-2.712749242782592773e-01,-3.033548295497894287e-01,-2.068993002176284790e-01,-2.202365547418594360e-01,-4.549726545810699463e-01,4.342072308063507080e-01,-2.431787699460983276e-01,-1.767356395721435547e-01,-4.298524856567382812e-01,-3.833171427249908447e-01,5.824347734451293945e-01
8.826791495084762573e-02,1.326315104961395264e-01,-2.047849074006080627e-02,5.547364801168441772e-02,1.139507666230201721e-01,-3.892546519637107849e-02,-2.252252250909805298e-01,-1.872511804103851318e-01,1.880588084459304810e-01,1.429520547389984131e-01,-1.597427427768707275e-01,1.809308081865310669e-01,4.102559983730316162e-01,2.831489145755767822e-01,1.268313527107238770e-01,6.483334302902221680e-01,-2.706009894609451294e-02,-2.415036857128143311e-01,-1.485607326030731201e-01,-6.959868967533111572e-02,2.283518388867378235e-02,-4.542713761329650879e-01,-1.702727526426315308e-01,3.748880326747894287e-02,5.271558165550231934e-01,-1.928521692752838135e-01,-1.713760644197463989e-01,2.344852983951568604e-01,-1.354107707738876343e-01,1.968191005289554596e-02,-2.170005887746810913e-01,2.479229569435119629e-01
1.752710789442062378e-01,3.707336187362670898e-01,2.165765762329101562e-01,2.169382721185684204e-01,2.750226557254791260e-01,-5.661185830831527710e-02,3.249139785766601562e-01,-3.325974941253662109e-01,2.633414864540100098e-01,-4.215108975768089294e-02,3.340616226196289062e-01,-4.639936611056327820e-02,4.096094369888305664e-01,4.373278915882110596e-01,-1.862833052873611450e-01,4.348508417606353760e-01,5.182661414146423340e-01,-3.420883119106292725e-01,-1.191941499710083008e-01,-6.824737042188644409e-02,9.905938506126403809e-01,4.621599912643432617e-01,-3.877278864383697510e-01,9.043920636177062988e-01,5.073076114058494568e-02,3.612948656082153320e-01,3.614598214626312256e-01,4.649905860424041748e-02,-5.401070713996887207e-01,-1.227810606360435486e-01,1.223940476775169373e-01,-8.736205101013183594e-02
7.204721570014953613e-01,6.763195395469665527e-01,1.256277691572904587e-02,-2.913026213645935059e-01,3.029384315013885498e-01,-2.743223905563354492e-01,2.096294313669204712e-01,-8.165667653083801270e-01,1.533529460430145264e-01,-3.207164704799652100e-01,-3.975928202271461487e-02,-1.104053296148777008e-02,4.362205862998962402e-01,2.550735473632812500e-01,-3.439227938652038574e-01,1.954304575920104980e-01,2.611667662858963013e-02,1.196358259767293930e-02,1.564878672361373901e-01,5.497750639915466309e-01,7.844763994216918945e-01,6.323912143707275391e-01,-5.082074403762817383e-01,2.498243302106857300e-01,5.042452216148376465e-01,2.738115787506103516e-01,-5.873302817344665527e-01,1.691702455282211304e-01,-2.179968208074569702e-01,5.089002251625061035e-01,5.577576756477355957e-01,-7.324618101119995117e-01
1.574152335524559021e-02,4.745717346668243408e-01,6.245934963226318359e-01,1.609622538089752197e-01,-2.405310273170471191e-01,-2.096197381615638733e-02,4.029810428619384766e-01,-4.354222118854522705e-01,-8.101999759674072266e-02,-3.017807602882385254e-01,3.244064748287200928e-01,-7.403716910630464554e-03,4.028595685958862305e-01,6.160963773727416992e-01,-6.678594946861267090e-01,-1.821635216474533081e-01,7.733872532844543457e-01,-3.132329285144805908e-01,-8.739263415336608887e-01,1.618071794509887695e-01,1.301025629043579102e+00,1.202199220657348633e+00,-6.760401725769042969e-01,5.229003429412841797e-01,9.900427460670471191e-01,-1.278646588325500488e-01,-5.411183834075927734e-01,5.801262259483337402e-01,-1.009682178497314453e+00,-1.745994016528129578e-02,1.350392222404479980e+00,-1.108715981245040894e-01
7.660116255283355713e-02,-1.119936164468526840e-02,4.690835177898406982e-01,2.018281072378158569e-01,-2.717532515525817871e-01,1.640916056931018829e-02,-1.113997846841812134e-01,-5.362861752510070801e-01,3.831242397427558899e-02,1.378619670867919922e-02,5.979456007480621338e-02,-1.318276226520538330e-01,1.922101527452468872e-01,-1.321421563625335693e-01,-5.867244005203247070e-01,1.839122176170349121e-02,6.160396337509155273e-01,2.212765663862228394e-01,-8.379690647125244141e-01,3.478276357054710388e-02,2.368598580360412598e-01,6.146318316459655762e-01,-6.726584434509277344e-01,-1.577822566032409668e-01,4.471286833286285400e-01,-8.845076560974121094e-01,-4.030153453350067139e-01,-7.145475596189498901e-02,-3.905948698520660400e-01,-1.809343397617340088e-01,1.454904526472091675e-01,4.947218894958496094e-01
-3.221494853496551514e-01,-5.908150225877761841e-02,5.229672417044639587e-02,3.902898430824279785e-01,-2.201170474290847778e-01,3.281059265136718750e-01,2.792422100901603699e-02,-3.853999376296997070e-01,4.215182363986968994e-01,8.915644884109497070e-02,-3.942108154296875000e-01,-2.516901195049285889e-01,1.016553416848182678e-01,-1.876196265220642090e-01,1.255126744508743286e-01,4.090147614479064941e-01,-8.648518919944763184e-01,-9.254133328795433044e-04,5.180886387825012207e-01,-7.399837374687194824e-01,-7.054166197776794434e-01,-1.130120754241943359e+00,3.539385199546813965e-01,2.390228211879730225e-01,7.973746657371520996e-01,-6.355746984481811523e-01,2.434103190898895264e-01,-3.328553438186645508e-01,7.806627154350280762e-01,-9.317330121994018555e-01,-1.274232029914855957e+00,7.277337908744812012e-01
1.081973500549793243e-02,3.813509941101074219e-01,-2.957962751388549805e-01,1.483103781938552856e-01,5.395970866084098816e-02,4.878721833229064941e-01,4.997953027486801147e-02,-3.226777613162994385e-01,6.330777406692504883e-01,4.058748856186866760e-02,3.503346443176269531e-01,-4.692671895027160645e-01,9.903808832168579102e-01,1.524830143898725510e-02,-2.336798757314682007e-01,8.021599054336547852e-01,-6.408382654190063477e-01,4.439854323863983154e-01,2.431453317403793335e-01,-1.978418091312050819e-03,-7.121384739875793457e-01,8.399534225463867188e-02,3.149913847446441650e-01,-4.184022843837738037e-01,-2.589481472969055176e-01,-1.485560834407806396e-01,2.501684129238128662e-01,-2.652033269405364990e-01,-5.513888001441955566e-01,-5.364778637886047363e-01,-3.467566147446632385e-02,-3.266387805342674255e-02
-1.113327592611312866e-01,-9.402643889188766479e-02,1.282803118228912354e-01,1.473436802625656128e-01,-2.278052270412445068e-01,1.251941770315170288e-01,-3.100160742178559303e-03,7.779168337583541870e-02,4.699727296829223633e-01,1.193194687366485596e-01,8.893800526857376099e-02,-3.961661756038665771e-01,1.915977597236633301e-01,6.560366153717041016e-01,-2.956999838352203369e-01,-4.474891722202301025e-02,1.338480710983276367e-01,-1.763273030519485474e-01,-4.866833984851837158e-01,3.388070166110992432e-01,7.694986462593078613e-01,8.794881701469421387e-01,-2.338751405477523804e-01,3.709766566753387451e-01,5.609312653541564941e-01,5.449344217777252197e-02,-9.149994254112243652e-01,3.294472396373748779e-01,-6.044728159904479980e-01,-2.019241303205490112e-01,9.602573513984680176e-01,-1.794327050447463989e-01
-3.230767548084259033e-01,-1.552965939044952393e-01,7.161057740449905396e-02,1.391202658414840698e-01,-8.061387389898300171e-02,3.045184537768363953e-02,-4.172744452953338623e-01,1.953278034925460815e-01,2.660984992980957031e-01,2.614671587944030762e-01,3.950806707143783569e-02,-1.685891486704349518e-02,6.100578904151916504e-01,1.996748447418212891e-01,-4.338203966617584229e-01,2.638836503028869629e-01,-1.410593278706073761e-02,-2.424784936010837555e-02,-3.343706578016281128e-02,-3.285435438156127930e-01,-3.773945868015289307e-01,-5.849939957261085510e-02,-4.403121173381805420e-01,4.923073202371597290e-02,2.043440192937850952e-01,-5.545615553855895996e-01,2.593428492546081543e-01,1.633299738168716431e-01,-3.263179957866668701e-01,-1.723739355802536011e-01,-3.435455858707427979e-01,3.075405061244964600e-01
-2.509725093841552734e-01,4.776473641395568848e-01,6.522678732872009277e-01,1.586618423461914062e-01,-2.552796006202697754e-01,5.886877700686454773e-02,6.044995412230491638e-02,-1.876489073038101196e-01,5.238382890820503235e-02,-4.326770603656768799e-01,-3.416379988193511963e-01,8.918207883834838867e-02,-2.409891486167907715e-01,1.100346297025680542e-01,-6.562976241111755371e-01,1.720231175422668457e-01,2.857237756252288818e-01,-1.412513256072998047e-01,-6.830173730850219727e-01,-6.661945581436157227e-02,4.914928674697875977e-01,1.263410449028015137e-01,-3.931980729103088379e-01,4.090124070644378662e-01,3.334498405456542969e-01,-4.998376369476318359e-01,-1.506979912519454956e-01,3.640078604221343994e-01,-1.987167298793792725e-01,1.905749924480915070e-02,6.046864986419677734e-01,4.114419817924499512e-01
2.401578873395919800e-01,-3.369545936584472656e-01,6.329803913831710815e-02,4.069747924804687500e-01,-3.287374675273895264e-01,2.028560787439346313e-01,1.362431645393371582e-01,2.112531363964080811e-01,7.735161185264587402e-01,5.298880338668823242e-01,-7.836175709962844849e-02,-8.233532309532165527e-02,6.032910346984863281e-01,3.332134783267974854e-01,-4.585382938385009766e-01,-4.253861010074615479e-01,9.038391523063182831e-03,4.740269389003515244e-03,-7.854130268096923828e-01,1.088599786162376404e-01,1.973742097616195679e-01,2.497808933258056641e-01,-1.547984778881072998e-01,-4.298644885420799255e-02,5.904913544654846191e-01,1.520453244447708130e-01,-2.935696542263031006e-01,4.434668421745300293e-01,-5.887914896011352539e-01,-1.533850096166133881e-02,2.322615534067153931e-01,3.179652243852615356e-02
-1.901881247758865356e-01,4.000536352396011353e-02,3.417426645755767822e-01,1.392260044813156128e-01,-2.830077409744262695e-01,-1.579381525516510010e-01,4.013124704360961914e-01,-1.582454517483711243e-02,3.905129134654998779e-01,-4.658853113651275635e-01,1.960711628198623657e-01,-1.481233537197113037e-01,-3.181512653827667236e-02,5.321367084980010986e-02,-9.314201474189758301e-01,-3.469065129756927490e-01,2.016442418098449707e-01,-9.979411214590072632e-02,-7.178110480308532715e-01,7.223088741302490234e-01,2.630377411842346191e-01,7.036466598510742188e-01,-3.848884105682373047e-01,-7.869199663400650024e-02,-1.493475735187530518e-01,-1.319607794284820557e-01,-2.206937819719314575e-01,7.420264184474945068e-02,-6.551216840744018555e-01,-1.776571571826934814e-01,9.247199296951293945e-01,-2.983814477920532227e-01
2.052941918373107910e-02,1.653339266777038574e-01,5.309229716658592224e-02,1.824719756841659546e-01,8.664347976446151733e-02,-2.582380771636962891e-01,-4.084047973155975342e-01,-2.273851633071899414e-01,2.890156023204326630e-02,1.243356615304946899e-01,-1.110567599534988403e-01,-2.477989196777343750e-01,6.693002581596374512e-02,-3.179262625053524971e-03,-7.473855465650558472e-02,3.937450647354125977e-01,-1.533467322587966919e-01,-5.888280458748340607e-03,-2.281015366315841675e-01,3.328431770205497742e-02,2.558821812272071838e-02,4.705026745796203613e-01,-5.845109224319458008e-01,1.022148057818412781e-01,4.180174171924591064e-01,-3.857185542583465576e-01,3.013809956610202789e-02,-2.866848744451999664e-02,-4.693361371755599976e-02,-3.587035536766052246e-01,6.789212673902511597e-02,2.061017751693725586e-01
1.453871428966522217e-01,-3.097601532936096191e-01,1.823593080043792725e-01,4.111726880073547363e-01,3.908540904521942139e-01,-3.228620588779449463e-01,-3.230533301830291748e-01,-1.169977430254220963e-02,3.757866919040679932e-01,2.647013068199157715e-01,-8.505697548389434814e-02,1.194800660014152527e-01,1.491674333810806274e-01,4.333929717540740967e-01,-9.923503547906875610e-02,8.586292713880538940e-02,-5.808798670768737793e-01,-2.185890078544616699e-01,1.649702191352844238e-01,-1.390454620122909546e-01,-1.550137158483266830e-02,-1.029261201620101929e-01,-1.067844480276107788e-01,1.727119088172912598e-01,3.170585632324218750e-01,7.025346159934997559e-02,8.079527318477630615e-02,-9.377689659595489502e-02,-5.090638995170593262e-01,-1.296809911727905273e-01,-2.073844075202941895e-01,-1.017777472734451294e-01
-5.672027170658111572e-02,2.923952341079711914e-01,1.547090262174606323e-01,-4.032443165779113770e-01,3.550511300563812256e-01,8.127906173467636108e-02,-2.715210914611816406e-01,-6.443880200386047363e-01,-1.033783480525016785e-01,-4.627461433410644531e-01,2.701617777347564697e-01,-3.229537233710289001e-02,4.680313467979431152e-01,2.045823782682418823e-01,-4.811434820294380188e-02,2.074940502643585205e-01,5.784371495246887207e-01,-6.474145688116550446e-03,-4.882288277149200439e-01,5.938777327537536621e-01,3.163429498672485352e-01,5.664224028587341309e-01,-2.173614948987960815e-01,1.274707913398742676e-01,-2.806703746318817139e-01,8.858593553304672241e-02,1.052820868790149689e-02,1.977531909942626953e-01,-3.569465130567550659e-02,-2.846503853797912598e-01,7.986138761043548584e-02,-3.588036596775054932e-01
-3.868353962898254395e-01,-5.413103103637695312e-01,1.387068331241607666e-01,4.243164956569671631e-01,-1.574743092060089111e-01,4.620864689350128174e-01,-1.670362204313278198e-01,-4.972924590110778809e-01,3.157843649387359619e-01,7.237681150436401367e-01,-2.793862670660018921e-02,-6.766772270202636719e-01,3.534719049930572510e-01,5.247650146484375000e-01,-1.731495745480060577e-02,-5.405625104904174805e-01,-2.604068815708160400e-01,-1.784737855195999146e-01,-6.971753835678100586e-01,6.564200390130281448e-03,3.811839520931243896e-01,3.813929557800292969e-01,-2.888055443763732910e-01,2.139539271593093872e-01,6.723927855491638184e-01,-1.363961845636367798e-01,-2.821497321128845215e-01,1.592561751604080200e-01,-7.880606651306152344e-01,-3.321916460990905762e-01,-7.613892108201980591e-02,-5.038414523005485535e-02
-1.347373127937316895e-01,-2.844577729701995850e-01,-1.913769841194152832e-01,1.485070735216140747e-01,-1.642701774835586548e-01,1.275316029787063599e-01,-3.653846383094787598e-01,2.581046707928180695e-02,3.898205459117889404e-01,1.763959378004074097e-01,1.251237653195858002e-02,-3.665613830089569092e-01,4.626378715038299561e-01,4.573393464088439941e-01,1.584505140781402588e-01,5.268532037734985352e-01,-8.342923521995544434e-01,-1.120283976197242737e-01,-2.566097304224967957e-02,-2.358169555664062500e-01,-3.189104199409484863e-01,1.492763459682464600e-01,1.080901697278022766e-01,4.262817651033401489e-02,7.543652057647705078e-01,-5.489848852157592773e-01,-1.535596996545791626e-01,-1.718606054782867432e-01,-7.462090998888015747e-02,-7.561284303665161133e-01,-4.790628552436828613e-01,6.648606657981872559e-01
1.107823848724365234e-02,1.309887319803237915e-01,-8.922708779573440552e-02,3.187183141708374023e-01,5.502332374453544617e-02,2.565705180168151855e-01,-4.443135857582092285e-01,-2.708603255450725555e-02,3.769644498825073242e-01,2.773608267307281494e-01,-1.958030611276626587e-01,-2.642744481563568115e-01,7.117946743965148926e-01,1.043655425310134888e-01,1.917715817689895630e-01,9.413645267486572266e-01,-2.746554613113403320e-01,-8.785305917263031006e-02,-1.522242575883865356e-01,3.781833350658416748e-01,-2.786138057708740234e-01,-4.585880041122436523e-01,-2.175785601139068604e-02,1.265326440334320068e-01,4.285080730915069580e-01,-4.159171283245086670e-01,1.070934068411588669e-02,1.283282637596130371e-01,-4.530587792396545410e-01,-1.567870080471038818e-01,-7.637369632720947266e-02,1.260290443897247314e-01
2.141465246677398682e-01,-1.212157309055328369e-01,3.353655934333801270e-01,6.680870652198791504e-01,-1.597761809825897217e-01,-1.209054812788963318e-01,2.171090245246887207e-01,-4.142168164253234863e-01,1.270074546337127686e-01,2.504654526710510254e-01,1.808781623840332031e-01,-1.627861708402633667e-01,-3.546518087387084961e-01,2.971054017543792725e-01,-1.347277909517288208e-01,-4.393584728240966797e-01,4.004419445991516113e-01,7.931211590766906738e-02,-7.589800357818603516e-01,2.044965922832489014e-01,-3.643018007278442383e-02,2.071482539176940918e-01,-5.495123863220214844e-01,-2.146183401346206665e-01,3.970344960689544678e-01,3.577379584312438965e-01,-4.554691612720489502e-01,3.017765842378139496e-02,-4.554053395986557007e-02,4.955969154834747314e-01,-6.737309694290161133e-02,7.645049691200256348e-02
2.422090172767639160e-01,1.176472753286361694e-01,3.010422885417938232e-01,4.509584512561559677e-03,2.803100645542144775e-02,-6.328415870666503906e-02,3.633214831352233887e-01,-1.411581784486770630e-01,2.357522249221801758e-01,-3.177362382411956787e-01,2.093160897493362427e-01,-3.138648569583892822e-01,-1.134461611509323120e-01,-6.956082582473754883e-02,-4.798844754695892334e-01,-1.246387436985969543e-01,-4.332323372364044189e-02,-1.506700813770294189e-01,-4.920240044593811035e-01,6.878367066383361816e-02,1.047073453664779663e-01,-2.971075475215911865e-01,-1.776427477598190308e-01,1.275523155927658081e-01,2.595835328102111816e-01,2.667863667011260986e-01,-5.576216578483581543e-01,1.518803536891937256e-01,-6.593839079141616821e-02,3.096804767847061157e-02,4.849264025688171387e-01,-1.139607653021812439e-01
-5.102145671844482422e-01,1.233368888497352600e-01,2.384801506996154785e-01,-1.048294007778167725e-01,-3.442620038986206055e-01,1.906237900257110596e-01,3.167675137519836426e-01,-1.012408733367919922e-01,3.081466555595397949e-01,4.187481477856636047e-02,1.389335244894027710e-01,-3.508717417716979980e-01,1.091064065694808960e-01,4.987050294876098633e-01,-5.306434631347656250e-01,-4.304845631122589111e-01,1.881049871444702148e-01,2.330031991004943848e-01,-1.140396118164062500e+00,-9.741485863924026489e-02,6.444857120513916016e-01,8.763985633850097656e-01,-1.935340911149978638e-01,2.101908773183822632e-01,2.007387131452560425e-01,-2.573115527629852295e-01,-5.596964955329895020e-01,3.403269052505493164e-01,-7.579314112663269043e-01,-5.226315185427665710e-02,8.048318028450012207e-01,9.708940237760543823e-02
-2.022111564874649048e-01,-7.888609170913696289e-02,2.843973338603973389e-01,8.289811611175537109e-01,-1.058913543820381165e-01,-1.126892194151878357e-01,-1.948403380811214447e-02,-2.775104530155658722e-02,1.733010858297348022e-01,1.437887102365493774e-01,-7.553683519363403320e-01,3.326907753944396973e-01,-1.284423656761646271e-02,1.050345450639724731e-01,-1.699421405792236328e-01,2.547394037246704102e-01,-2.741559743881225586e-01,-2.761903107166290283e-01,1.844588220119476318e-01,-5.354305505752563477e-01,-7.662687897682189941e-01,-6.074591279029846191e-01,-2.215712703764438629e-02,5.766908079385757446e-02,3.326162397861480713e-01,-6.139482259750366211e-01,6.764658093452453613e-01,-4.029843211174011230e-01,3.719810843467712402e-01,-3.542045354843139648e-01,-7.845837473869323730e-01,3.084026277065277100e-01
-8.929244428873062134e-02,2.221268564462661743e-01,-4.736541211605072021e-01,-1.620414257049560547e-01,2.773937284946441650e-01,2.178179174661636353e-01,6.009277701377868652e-01,8.180621266365051270e-02,2.158191949129104614e-01,-2.092358022928237915e-01,-5.803085565567016602e-01,-2.187371850013732910e-01,8.104391396045684814e-02,-1.566278040409088135e-01,7.918810099363327026e-02,1.921795904636383057e-01,-1.162259936332702637e+00,-9.096677415072917938e-03,2.809349596500396729e-01,-2.817693650722503662e-01,5.730876922607421875e-01,3.718716502189636230e-01,7.148771286010742188e-01,3.213009536266326904e-01,1.238013744354248047e+00,-6.160977482795715332e-01,8.783800899982452393e-02,-4.074968397617340088e-01,6.251677870750427246e-02,-8.233243227005004883e-01,-4.594257473945617676e-01,2.055901288986206055e-01
-3.173719346523284912e-01,2.981385588645935059e-01,-2.850477993488311768e-01,-2.900908589363098145e-01,-7.698560506105422974e-02,2.929639518260955811e-01,6.973339915275573730e-01,-4.577808678150177002e-01,2.274364829063415527e-01,-2.892786562442779541e-01,-7.915247678756713867e-01,-2.864550352096557617e-01,2.520093917846679688e-01,1.968179494142532349e-01,-1.901253908872604370e-01,-6.971830129623413086e-02,-8.188271522521972656e-01,-4.129422008991241455e-01,2.744071483612060547e-01,-2.350748926401138306e-01,4.387545883655548096e-01,1.621421575546264648e-01,2.164593786001205444e-01,5.279350876808166504e-01,1.599394559860229492e+00,-6.097579598426818848e-01,-2.558604180812835693e-01,-3.353822231292724609e-02,4.881370812654495239e-03,-5.345197916030883789e-01,-2.578342556953430176e-01,7.617866992950439453e-02
-3.843095526099205017e-02,3.467717170715332031e-01,9.858642518520355225e-02,3.421451151371002197e-01,9.425649791955947876e-02,1.159637495875358582e-01,-1.986569613218307495e-01,-3.460199236869812012e-01,5.838806629180908203e-01,2.283198982477188110e-01,-3.048037290573120117e-01,-9.326521307229995728e-02,3.519732058048248291e-01,-5.216451361775398254e-03,-3.898025751113891602e-01,3.592005074024200439e-01,-2.900816798210144043e-01,6.257337331771850586e-02,3.693861365318298340e-01,-2.641457598656415939e-03,1.353289186954498291e-02,-9.859150648117065430e-02,-8.759017102420330048e-03,2.108854949474334717e-01,5.953456163406372070e-01,-4.762228131294250488e-01,8.046228438615798950e-02,6.128375977277755737e-02,-2.739678323268890381e-01,-5.705184340476989746e-01,-3.205541372299194336e-01,9.542773663997650146e-02
2.833158075809478760e-01,-1.587618887424468994e-01,2.686291337013244629e-01,2.038676664233207703e-02,-1.105584427714347839e-01,-4.996057152748107910e-01,-3.399052619934082031e-01,-2.331382595002651215e-02,1.281877905130386353e-01,2.975006103515625000e-01,3.910346329212188721e-02,2.418374866247177124e-01,-1.627975553274154663e-01,2.811502516269683838e-01,-8.585924506187438965e-01,4.001028090715408325e-02,1.756596565246582031e-01,1.140687689185142517e-01,-5.142593383789062500e-01,3.540447652339935303e-01,1.647262088954448700e-02,4.322908818721771240e-01,-8.193921446800231934e-01,-1.318572312593460083e-01,-1.734406203031539917e-01,3.178693950176239014e-01,-2.863776981830596924e-01,-3.361651003360748291e-01,-7.257537245750427246e-01,3.245260119438171387e-01,2.943390309810638428e-01,-1.595982909202575684e-01
-1.574863642454147339e-01,2.632070183753967285e-01,4.003277122974395752e-01,-1.533559709787368774e-01,-5.945991873741149902e-01,6.950882822275161743e-02,1.502563506364822388e-01,-1.729671657085418701e-01,-1.319795846939086914e-01,-8.855852484703063965e-02,1.440912634134292603e-01,-2.050299495458602905e-01,5.620061755180358887e-01,4.562095999717712402e-01,-2.490724623203277588e-01,9.674376994371414185e-02,5.537379980087280273e-01,-5.420448631048202515e-02,-1.020663738250732422e+00,-6.869384646415710449e-02,3.424112498760223389e-01,1.921656578779220581e-01,-2.438636124134063721e-01,2.205215990543365479e-01,6.017708405852317810e-02,-1.323531270027160645e-01,-7.546967267990112305e-01,6.328082680702209473e-01,-8.698940873146057129e-01,-2.241057716310024261e-02,8.584463000297546387e-01,2.351569980382919312e-01
-8.988022804260253906e-02,1.378949359059333801e-02,-5.014481544494628906e-01,1.385622024536132812e-01,1.890467256307601929e-01,-2.601340413093566895e-02,-6.474830955266952515e-02,-6.161026954650878906e-01,3.290196955204010010e-01,2.389976829290390015e-01,-1.533656567335128784e-01,-3.717021942138671875e-01,4.796761274337768555e-01,1.175389662384986877e-01,-8.834239095449447632e-02,6.193565130233764648e-01,-3.050085306167602539e-01,2.294898331165313721e-01,-3.406607359647750854e-02,-5.969959124922752380e-02,3.876976072788238525e-01,2.873061597347259521e-01,-3.211693465709686279e-01,3.843805491924285889e-01,5.458203554153442383e-01,-4.224657118320465088e-01,-4.497466981410980225e-01,-2.095782905817031860e-01,-1.732863187789916992e-01,-1.438828706741333008e-01,-8.432415723800659180e-01,3.752250969409942627e-01
1.943911164999008179e-01,1.569846868515014648e-01,-4.019552469253540039e-01,1.555989235639572144e-01,3.219031915068626404e-02,-2.122003287076950073e-01,6.228978633880615234e-01,-6.318309307098388672e-01,5.565121769905090332e-01,-1.236362941563129425e-02,-1.225440576672554016e-01,-4.012218713760375977e-01,4.150951504707336426e-01,4.462603330612182617e-01,-2.495421171188354492e-01,1.903629163280129433e-04,-1.872241944074630737e-01,1.456828266382217407e-01,-1.394446939229965210e-01,-2.559945583343505859e-01,6.898902058601379395e-01,5.860096216201782227e-01,-2.152512818574905396e-01,7.323986291885375977e-01,9.046506881713867188e-01,-2.446360886096954346e-01,-2.859760522842407227e-01,-1.633588224649429321e-01,-3.474119901657104492e-01,9.550625830888748169e-02,2.412891685962677002e-01,-1.195166110992431641e-01
-1.519704014062881470e-01,3.802633583545684814e-01,4.578155875205993652e-01,2.268214076757431030e-01,-2.850966751575469971e-01,-2.521392703056335449e-01,5.074790120124816895e-01,3.957093954086303711e-01,4.172985851764678955e-01,-3.400906324386596680e-01,-2.193442881107330322e-01,2.173229604959487915e-01,-2.439764440059661865e-01,-9.679868817329406738e-02,-6.121404767036437988e-01,-1.988355368375778198e-01,5.659430027008056641e-01,-4.234866052865982056e-02,-7.537339329719543457e-01,1.497522443532943726e-01,-1.516250818967819214e-01,7.750354707241058350e-03,-2.479915469884872437e-01,1.493947952985763550e-01,-8.649516850709915161e-02,-3.461006283760070801e-01,-2.685703933238983154e-01,4.227058291435241699e-01,-3.256812989711761475e-01,6.578461527824401855e-01,4.177024364471435547e-01,1.680785566568374634e-01
1.466907560825347900e-01,-4.584567993879318237e-02,2.823640406131744385e-01,2.989420890808105469e-01,-1.739365756511688232e-01,-1.803688108921051025e-01,1.592219620943069458e-01,2.819346077740192413e-02,7.373945415019989014e-02,-1.374067217111587524e-01,6.049558147788047791e-02,-2.960578911006450653e-02,9.056244045495986938e-03,1.799342036247253418e-01,1.792236268520355225e-01,2.031755447387695312e-01,5.005131959915161133e-01,2.746270000934600830e-01,-6.340631842613220215e-01,-3.555818647146224976e-02,-9.475699067115783691e-02,-4.276953935623168945e-01,-1.082153618335723877e-01,2.977961599826812744e-01,1.320185512304306030e-01,-1.293116211891174316e-01,-1.434531509876251221e-01,-2.079820334911346436e-01,-6.033061817288398743e-02,2.500941455364227295e-01,1.047534588724374771e-02,2.772227525711059570e-01
2.343031615018844604e-01,-3.057352900505065918e-01,2.982323467731475830e-01,1.102804914116859436e-01,-8.398699760437011719e-02,-7.626718878746032715e-01,4.243200644850730896e-02,8.012717366218566895e-01,3.175009191036224365e-01,-1.642033904790878296e-01,1.320509016513824463e-01,5.195283293724060059e-01,-6.935564279556274414e-01,-1.468714475631713867e-01,-1.155495941638946533e-01,-2.896332442760467529e-01,1.947516947984695435e-01,-3.981816023588180542e-02,-1.107929646968841553e-01,-2.819542884826660156e-01,-1.068439841270446777e+00,-7.062088251113891602e-01,-3.716737031936645508e-01,-8.241683244705200195e-02,-6.081936880946159363e-02,-2.213255763053894043e-01,4.068860411643981934e-01,-4.378191381692886353e-02,7.613782882690429688e-01,7.820298075675964355e-01,-4.597158730030059814e-01,4.312942326068878174e-01
2.715207040309906006e-01,1.447754800319671631e-01,5.679385066032409668e-01,4.119969904422760010e-02,2.837654054164886475e-01,-2.126728296279907227e-01,-1.643243581056594849e-01,-1.776055805385112762e-02,1.956039518117904663e-01,-1.613662093877792358e-01,5.071840807795524597e-02,-1.550305932760238647e-01,-1.996584832668304443e-01,1.567132622003555298e-01,-3.994907438755035400e-01,-1.418026536703109741e-01,3.000954687595367432e-01,-7.241362333297729492e-02,-7.038580179214477539e-01,7.841356992721557617e-01,8.217918276786804199e-01,5.552877187728881836e-01,-5.011696219444274902e-01,1.067219376564025879e-01,7.290695309638977051e-01,-4.116898179054260254e-01,-2.151907980442047119e-02,8.823430538177490234e-02,-4.616993963718414307e-01,1.000048890709877014e-01,8.639214634895324707e-01,-2.046852409839630127e-01
3.458164259791374207e-02,1.554162949323654175e-01,6.856215000152587891e-02,1.726393550634384155e-01,-2.935750484466552734e-01,3.626939654350280762e-01,-4.111168980598449707e-01,-1.270862370729446411e-01,2.124224603176116943e-01,3.760904073715209961e-01,-2.021669447422027588e-01,-3.318652808666229248e-01,6.337580084800720215e-01,4.539730846881866455e-01,-1.858479715883731842e-02,5.375263690948486328e-01,-1.295808404684066772e-01,-2.396834194660186768e-01,-4.453945755958557129e-01,2.417359799146652222e-01,3.497420549392700195e-01,2.237209975719451904e-01,-1.800796836614608765e-01,4.773458540439605713e-01,9.683718681335449219e-01,-1.270297467708587646e-01,-8.713331222534179688e-01,3.955882191658020020e-01,-3.654814958572387695e-01,-4.263738393783569336e-01,1.875396519899368286e-01,4.412088394165039062e-01
-1.213719248771667480e-01,9.723785519599914551e-02,4.770463705062866211e-01,2.836394608020782471e-01,1.027715876698493958e-01,2.926733791828155518e-01,-2.834081053733825684e-01,-3.414648473262786865e-01,2.793397903442382812e-01,1.974955052137374878e-01,1.053595393896102905e-01,1.205517277121543884e-01,2.458648383617401123e-01,4.855649471282958984e-01,-1.569570042192935944e-02,1.662702113389968872e-01,-1.727332025766372681e-01,-1.928977519273757935e-01,-2.269649952650070190e-01,1.027279496192932129e-01,6.828590482473373413e-02,3.607385158538818359e-01,4.670753329992294312e-02,-2.760226428508758545e-01,2.628943920135498047e-01,-3.063625097274780273e-01,-7.991039194166660309e-03,-1.862864568829536438e-02,-6.291072964668273926e-01,-3.339774906635284424e-01,2.172172367572784424e-01,2.634889446198940277e-02
-1.956838369369506836e-02,3.324422538280487061e-01,-3.507473468780517578e-01,-2.327932715415954590e-01,2.954174578189849854e-01,2.383215427398681641e-01,5.417592525482177734e-01,-7.255246639251708984e-01,4.672610163688659668e-01,9.666572511196136475e-02,-3.517142832279205322e-01,-4.737858474254608154e-01,5.302612781524658203e-01,1.965537369251251221e-01,5.153561830520629883e-01,1.883609890937805176e-01,-8.699587583541870117e-01,2.535267174243927002e-02,6.722545027732849121e-01,-1.547494977712631226e-01,1.529140174388885498e-01,-2.018944919109344482e-01,7.580148577690124512e-01,4.684452116489410400e-01,9.189141392707824707e-01,-5.677406676113605499e-03,1.506344974040985107e-01,-3.793322741985321045e-01,2.255234867334365845e-01,-6.058912873268127441e-01,-4.074553549289703369e-01,-5.430539250373840332e-01
-1.988220959901809692e-01,2.694933414459228516e-01,2.461312562227249146e-01,-2.980554103851318359e-02,-7.093386650085449219e-01,1.708946228027343750e-01,2.620368897914886475e-01,1.184859722852706909e-01,9.190221317112445831e-04,1.392335444688796997e-02,-3.212637826800346375e-02,-3.300251960754394531e-01,1.503566354513168335e-01,2.075624316930770874e-01,9.858725965023040771e-02,-1.692269369959831238e-02,4.507413506507873535e-02,5.382088944315910339e-02,-7.176593542098999023e-01,-3.127044439315795898e-02,3.213939368724822998e-01,-8.080391585826873779e-02,2.301950938999652863e-02,7.493203133344650269e-02,2.548184692859649658e-01,-3.222631216049194336e-01,-7.138007879257202148e-01,1.954698115587234497e-01,-4.791922867298126221e-01,-7.738596946001052856e-02,6.354023218154907227e-01,-3.292427062988281250e-01
1.884100586175918579e-01,-5.789749622344970703e-01,2.558233439922332764e-01,4.256344437599182129e-01,-2.122169584035873413e-01,-8.409132957458496094e-01,-3.445873782038688660e-02,1.088958024978637695e+00,4.665082097053527832e-01,2.869464457035064697e-01,1.572500169277191162e-01,6.569355130195617676e-01,-8.972867727279663086e-01,-5.542269945144653320e-01,-5.956299304962158203e-01,-5.853332579135894775e-02,5.028129220008850098e-01,-2.917119488120079041e-02,-2.155127376317977905e-02,-9.222774207592010498e-02,-1.162503123283386230e+00,-5.724035501480102539e-01,-6.635230183601379395e-01,1.364930719137191772e-01,-3.609761595726013184e-01,1.100593283772468567e-01,-1.691138744354248047e-01,-4.152491390705108643e-01,4.071678221225738525e-01,7.035536766052246094e-01,-6.967580318450927734e-01,3.665874600410461426e-01
-5.255213752388954163e-02,-3.282902538776397705e-01,1.845561116933822632e-01,6.669847667217254639e-02,4.728486016392707825e-02,-2.328095026314258575e-02,6.325158476829528809e-02,-2.147565335035324097e-01,5.283708572387695312e-01,2.217212170362472534e-01,-3.097446635365486145e-02,4.018772393465042114e-02,3.772267997264862061e-01,5.092895627021789551e-01,-2.256044000387191772e-01,3.525135293602943420e-02,-3.186164796352386475e-01,-2.570647895336151123e-01,-1.447473764419555664e-01,-1.075473949313163757e-01,-3.505237773060798645e-02,9.473713114857673645e-03,1.631500199437141418e-02,-3.336223661899566650e-01,2.690314948558807373e-01,-1.124820560216903687e-01,-1.937370048835873604e-03,1.256759762763977051e-01,-4.144208431243896484e-01,1.253609266132116318e-02,-6.268433481454849243e-02,-2.525327503681182861e-01
-7.355222105979919434e-02,3.979316353797912598e-01,1.083267629146575928e-01,1.143248602747917175e-01,1.826499775052070618e-02,-3.656309545040130615e-01,-4.524556547403335571e-02,-2.378389388322830200e-01,3.033062815666198730e-01,-8.291038870811462402e-02,-1.834930777549743652e-01,2.682852745056152344e-01,8.414431661367416382e-02,5.000252127647399902e-01,-6.780698895454406738e-01,1.256551146507263184e-01,2.429495602846145630e-01,-7.391943782567977905e-02,1.465527527034282684e-02,5.725921988487243652e-01,9.949695467948913574e-01,7.087222933769226074e-01,-7.357815504074096680e-01,1.991117000579833984e-01,3.822411596775054932e-01,-3.120180666446685791e-01,-2.111982405185699463e-01,1.148446202278137207e-01,-6.829330921173095703e-01,1.982994973659515381e-01,8.370813131332397461e-01,-4.417990148067474365e-01
1.502031534910202026e-01,1.674647033214569092e-01,3.248480260372161865e-01,-2.697779834270477295e-01,-2.741697132587432861e-01,4.161700308322906494e-01,3.194777369499206543e-01,-3.078932762145996094e-01,-1.774881631135940552e-01,-4.143685698509216309e-01,1.568730361759662628e-02,-6.070430874824523926e-01,5.802544951438903809e-02,5.933448076248168945e-01,1.943611353635787964e-01,-4.680853188037872314e-01,2.330713719129562378e-01,-1.122790798544883728e-01,-1.313124179840087891e+00,4.541898071765899658e-01,6.123302578926086426e-01,5.602586269378662109e-01,1.984382569789886475e-01,-1.481726020574569702e-01,3.793089091777801514e-01,2.565167471766471863e-02,-8.067956566810607910e-01,9.297022968530654907e-02,-4.797614216804504395e-01,-2.333901375532150269e-01,1.021907806396484375e+00,-3.371088802814483643e-01
1.598138958215713501e-01,5.526018142700195312e-02,4.149738848209381104e-01,-3.155761584639549255e-02,-5.514883995056152344e-01,6.849052011966705322e-02,5.482199788093566895e-01,4.546090066432952881e-01,2.263291776180267334e-01,-1.065002083778381348e-01,1.009667068719863892e-01,-1.435537338256835938e-01,-3.145166486501693726e-02,1.489187497645616531e-02,-2.905713319778442383e-01,-3.509657084941864014e-01,-8.683294057846069336e-03,2.241044789552688599e-01,-7.610160112380981445e-01,-2.888863384723663330e-01,1.394887734204530716e-02,-1.231225058436393738e-01,5.294499546289443970e-02,-7.474259287118911743e-02,1.507109701633453369e-01,-2.216113060712814331e-01,-3.766705989837646484e-01,1.574913412332534790e-01,-4.275677204132080078e-01,1.925785541534423828e-01,7.086692452430725098e-01,6.784562021493911743e-02
-1.258536577224731445e-01,-1.940916776657104492e-01,-5.041496828198432922e-02,1.501752734184265137e-01,-1.404136121273040771e-01,-7.798148393630981445e-01,1.349320113658905029e-01,4.941152632236480713e-01,2.296998500823974609e-01,-2.103055864572525024e-01,-2.257039397954940796e-02,-1.087248548865318298e-01,-8.545126020908355713e-02,1.492950618267059326e-01,-2.416556477546691895e-01,4.281959831714630127e-01,3.244396448135375977e-01,1.139632659032940865e-03,-2.731789648532867432e-01,-9.962501376867294312e-02,-6.060525774955749512e-01,-1.332693099975585938e-01,-1.876762211322784424e-01,6.478739380836486816e-01,7.794754952192306519e-02,-3.230414092540740967e-01,7.168439775705337524e-02,-2.083509713411331177e-01,4.279389046132564545e-03,1.152179986238479614e-01,3.856368595734238625e-03,4.355283081531524658e-01
2.238154970109462738e-02,4.440103098750114441e-02,1.128727123141288757e-01,2.446099370718002319e-01,-4.628810286521911621e-01,-7.994903251528739929e-03,-2.402593344449996948e-01,-1.067120730876922607e-01,7.085059285163879395e-01,3.308769762516021729e-01,-3.292267918586730957e-01,-3.031477928161621094e-01,1.914543807506561279e-01,3.073394000530242920e-01,-3.358451277017593384e-02,5.189359188079833984e-01,-4.786007702350616455e-01,-1.074443385004997253e-01,-5.145953595638275146e-02,4.101661965250968933e-02,-2.453206181526184082e-01,-6.154612302780151367e-01,-5.024080723524093628e-02,2.674272060394287109e-01,5.348892211914062500e-01,-4.036567807197570801e-01,-2.821959555149078369e-01,-1.778243929147720337e-01,1.523902863264083862e-01,-3.283056318759918213e-01,-1.039178818464279175e-01,5.648856237530708313e-02
7.291443347930908203e-01,-3.369792103767395020e-01,6.231375336647033691e-01,5.139755606651306152e-01,-3.721846640110015869e-01,-7.662429809570312500e-01,-1.446294486522674561e-01,1.003548026084899902e+00,3.159312903881072998e-01,3.517573177814483643e-01,1.802177280187606812e-01,4.432477355003356934e-01,-7.902359962463378906e-01,-2.288530915975570679e-01,-9.220215678215026855e-02,-3.383411839604377747e-02,9.842214584350585938e-01,-1.629308797419071198e-02,-7.697983384132385254e-01,-5.905088409781455994e-02,-1.007781982421875000e+00,-7.944025844335556030e-02,-7.843990325927734375e-01,3.493257164955139160e-01,-3.770098835229873657e-02,9.015304595232009888e-02,-8.358149975538253784e-02,-4.501520395278930664e-01,3.175637125968933105e-01,9.128587841987609863e-01,-3.219790384173393250e-02,7.273911237716674805e-01
1.453871428966522217e-01,-3.097601532936096191e-01,1.823593080043792725e-01,4.111726880073547363e-01,3.908540904521942139e-01,-3.228620588779449463e-01,-3.230533301830291748e-01,-1.169977430254220963e-02,3.757866919040679932e-01,2.647013068199157715e-01,-8.505697548389434814e-02,1.194800660014152527e-01,1.491674333810806274e-01,4.333929717540740967e-01,-9.923503547906875610e-02,8.586292713880538940e-02,-5.808798670768737793e-01,-2.185890078544616699e-01,1.649702191352844238e-01,-1.390454620122909546e-01,-1.550137158483266830e-02,-1.029261201620101929e-01,-1.067844480276107788e-01,1.727119088172912598e-01,3.170585632324218750e-01,7.025346159934997559e-02,8.079527318477630615e-02,-9.377689659595489502e-02,-5.090638995170593262e-01,-1.296809911727905273e-01,-2.073844075202941895e-01,-1.017777472734451294e-01
